-- phpMyAdmin SQL Dump
-- version 4.2.12deb2+deb8u1build0.15.04.1
-- http://www.phpmyadmin.net
--
-- Host: localhost
-- Generation Time: Jul 11, 2016 at 10:52 AM
-- Server version: 5.6.28-0ubuntu0.15.04.1
-- PHP Version: 5.6.4-4ubuntu6.4

SET SQL_MODE = "NO_AUTO_VALUE_ON_ZERO";
SET time_zone = "+00:00";


/*!40101 SET @OLD_CHARACTER_SET_CLIENT=@@CHARACTER_SET_CLIENT */;
/*!40101 SET @OLD_CHARACTER_SET_RESULTS=@@CHARACTER_SET_RESULTS */;
/*!40101 SET @OLD_COLLATION_CONNECTION=@@COLLATION_CONNECTION */;
/*!40101 SET NAMES utf8 */;

--
-- Database: `publication`
--

-- --------------------------------------------------------

--
-- Table structure for table `discipline`
--

CREATE TABLE IF NOT EXISTS `discipline` (
`id` int(11) NOT NULL,
  `parent_id` int(11) DEFAULT NULL,
  `designation` varchar(255) COLLATE utf8_unicode_ci NOT NULL
) ENGINE=InnoDB AUTO_INCREMENT=6 DEFAULT CHARSET=utf8 COLLATE=utf8_unicode_ci;

--
-- Dumping data for table `discipline`
--

INSERT INTO `discipline` (`id`, `parent_id`, `designation`) VALUES
(1, NULL, 'Discipline 1'),
(2, 1, 'Discipline 1.1'),
(3, NULL, 'Discipline 2'),
(4, 3, 'Discipline 2.1'),
(5, 3, 'Discipline 2.2');

-- --------------------------------------------------------

--
-- Table structure for table `entite`
--

CREATE TABLE IF NOT EXISTS `entite` (
`id` int(11) NOT NULL,
  `designation` varchar(255) COLLATE utf8_unicode_ci NOT NULL,
  `parent_id` int(11) DEFAULT NULL,
  `siteWeb` varchar(255) COLLATE utf8_unicode_ci NOT NULL
) ENGINE=InnoDB AUTO_INCREMENT=5 DEFAULT CHARSET=utf8 COLLATE=utf8_unicode_ci;

--
-- Dumping data for table `entite`
--

INSERT INTO `entite` (`id`, `designation`, `parent_id`, `siteWeb`) VALUES
(1, 'Faculté des Sciences Agronomiques', NULL, 'http://fsa-uac.org'),
(3, 'Leha', 1, ''),
(4, 'Horticulture Gennetics Unit', 1, 'http://hguuac-fsa.org');

-- --------------------------------------------------------

--
-- Table structure for table `fos_user`
--

CREATE TABLE IF NOT EXISTS `fos_user` (
`id` int(11) NOT NULL,
  `username` varchar(255) COLLATE utf8_unicode_ci NOT NULL,
  `username_canonical` varchar(255) COLLATE utf8_unicode_ci NOT NULL,
  `email` varchar(255) COLLATE utf8_unicode_ci NOT NULL,
  `email_canonical` varchar(255) COLLATE utf8_unicode_ci NOT NULL,
  `enabled` tinyint(1) NOT NULL,
  `salt` varchar(255) COLLATE utf8_unicode_ci NOT NULL,
  `password` varchar(255) COLLATE utf8_unicode_ci NOT NULL,
  `last_login` datetime DEFAULT NULL,
  `locked` tinyint(1) NOT NULL,
  `expired` tinyint(1) NOT NULL,
  `expires_at` datetime DEFAULT NULL,
  `confirmation_token` varchar(255) COLLATE utf8_unicode_ci DEFAULT NULL,
  `password_requested_at` datetime DEFAULT NULL,
  `roles` longtext COLLATE utf8_unicode_ci NOT NULL COMMENT '(DC2Type:array)',
  `credentials_expired` tinyint(1) NOT NULL,
  `credentials_expire_at` datetime DEFAULT NULL,
  `entite_id` int(11) DEFAULT NULL,
  `nom` varchar(255) COLLATE utf8_unicode_ci NOT NULL,
  `prenoms` varchar(255) COLLATE utf8_unicode_ci NOT NULL,
  `grade` varchar(255) COLLATE utf8_unicode_ci NOT NULL,
  `titre` varchar(255) COLLATE utf8_unicode_ci NOT NULL,
  `telephone` int(11) NOT NULL
) ENGINE=InnoDB AUTO_INCREMENT=2 DEFAULT CHARSET=utf8 COLLATE=utf8_unicode_ci;

--
-- Dumping data for table `fos_user`
--

INSERT INTO `fos_user` (`id`, `username`, `username_canonical`, `email`, `email_canonical`, `enabled`, `salt`, `password`, `last_login`, `locked`, `expired`, `expires_at`, `confirmation_token`, `password_requested_at`, `roles`, `credentials_expired`, `credentials_expire_at`, `entite_id`, `nom`, `prenoms`, `grade`, `titre`, `telephone`) VALUES
(1, 'admin', 'admin', 'abab@uac.bj', 'abab@uac.bj', 1, 'c0higo9zr5wg0cg0ck4s4og0k0c4kss', '$2y$13$vowcu5QYWV5TDV/tcZfC1uixd4nlxTIBE70jbl.5gRlhD6NYktjLS', '2016-07-11 09:27:47', 0, 0, NULL, NULL, NULL, 'a:1:{i:0;s:10:"ROLE_ADMIN";}', 0, NULL, 1, '', '', '', '', 0);

-- --------------------------------------------------------

--
-- Table structure for table `publication`
--

CREATE TABLE IF NOT EXISTS `publication` (
`id` int(11) NOT NULL,
  `type_id` int(11) DEFAULT NULL,
  `revue_id` int(11) DEFAULT NULL,
  `user_id` int(11) DEFAULT NULL,
  `titreFr` varchar(255) COLLATE utf8_unicode_ci NOT NULL,
  `titreEn` varchar(255) COLLATE utf8_unicode_ci DEFAULT NULL,
  `motCle` tinytext COLLATE utf8_unicode_ci NOT NULL,
  `keyWords` tinytext COLLATE utf8_unicode_ci,
  `date` datetime NOT NULL,
  `lienInternet` varchar(255) COLLATE utf8_unicode_ci DEFAULT NULL,
  `nombreDePage` int(11) DEFAULT NULL,
  `editionRevue` varchar(255) COLLATE utf8_unicode_ci DEFAULT NULL,
  `abstract` longtext COLLATE utf8_unicode_ci,
  `resume` longtext COLLATE utf8_unicode_ci NOT NULL,
  `financement` varchar(255) COLLATE utf8_unicode_ci DEFAULT NULL,
  `cibles` longtext COLLATE utf8_unicode_ci,
  `commentaire` longtext COLLATE utf8_unicode_ci,
  `fichier` longtext COLLATE utf8_unicode_ci,
  `auteur` longtext COLLATE utf8_unicode_ci NOT NULL,
  `discipline_id` int(11) DEFAULT NULL,
  `annee` varchar(255) COLLATE utf8_unicode_ci NOT NULL,
  `entite_id` int(11) DEFAULT NULL
) ENGINE=InnoDB AUTO_INCREMENT=165 DEFAULT CHARSET=utf8 COLLATE=utf8_unicode_ci;

--
-- Dumping data for table `publication`
--

INSERT INTO `publication` (`id`, `type_id`, `revue_id`, `user_id`, `titreFr`, `titreEn`, `motCle`, `keyWords`, `date`, `lienInternet`, `nombreDePage`, `editionRevue`, `abstract`, `resume`, `financement`, `cibles`, `commentaire`, `fichier`, `auteur`, `discipline_id`, `annee`, `entite_id`) VALUES
(1, 2, 1, 1, 'Production de la Chaine de Cotonou a Natitingou', 'Natintingou Coton Production', 'wanagash, natitingou', 'wanagash, natitingou', '2016-07-10 20:13:28', 'https://openclassrooms.com/courses/developpez-votre-site-web-avec-le-framework-symfony2/validez-vos-donnees', 0, '2eme Edtition', 'Production de la Chaine de Cotonou a Natitingou est un Production de la Chaine de Cotonou a Natitingou Production de la Chaine de Cotonou a Natitingou Production de la Chaine de Cotonou a Natitingou Production de la Chaine de Cotonou a Natitingou', 'Production de la Chaine de Cotonou a Natitingou est un Production de la Chaine de Cotonou a Natitingou Production de la Chaine de Cotonou a Natitingou Production de la Chaine de Cotonou a Natitingou Production de la Chaine de Cotonou a Natitingou', 'Ares-CDD', 'Chercheurs, Agronomes,', 'Ce projet est personnel', NULL, 'K.Kiki {1], M. Lorenzo [2]', 2, '2016', 3),
(2, 2, 2, 1, 'Production de la Chaine de Cotonou a Natitingou', 'Natintingou Coton Production', 'Production de la Chaine de Cotonou a Natitingou', 'Production de la Chaine de Cotonou a Natitingou', '2016-07-10 20:13:39', 'https://openclassrooms.com/courses/developpez-votre-site-web-avec-le-framework-symfony2/validez-vos-donnees', 2, '2eme Edtition', 'Production de la Chaine de Cotonou a NatitingouProduction de la Chaine de Cotonou a NatitingouProduction de la Chaine de Cotonou a NatitingouProduction de la Chaine de Cotonou a NatitingouProduction de la Chaine de Cotonou a NatitingouProduction de la Chaine de Cotonou a Natitingou', 'Production de la Chaine de Cotonou a NatitingouProduction de la Chaine de Cotonou a NatitingouProduction de la Chaine de Cotonou a NatitingouProduction de la Chaine de Cotonou a NatitingouProduction de la Chaine de Cotonou a NatitingouProduction de la Chaine de Cotonou a Natitingou', 'Ares-CDD', 'Production de la Chaine de Cotonou a Natitingou', 'Production de la Chaine de Cotonou a Natitingou', NULL, 'Production de la Chaine de Cotonou a Natitingou', 2, '2015', 4),
(3, 2, 1, 1, 'Production de la Chaine de Cotonou a Tuncuntouna', NULL, 'Voici le resumé', NULL, '2016-07-10 20:13:16', 'https://openclassrooms.com/courses/developpez-votre-site-web-avec-le-framework-symfony2/validez-vos-donnees', NULL, '2eme Edtition', NULL, 'Voici le resumé', 'Ares-CDD', 'Enseignant, Chercheurs', NULL, NULL, 'J.Tandjiekpon [1], K. Lanha [2], N. Gbenou [1]', 5, '2007', 4),
(4, 2, 1, 1, 'Modele de Sécurité des services web SOAP', 'SOAP Sécurity Model', 'SOAP, Web service', 'SOAP, Web service', '2016-07-10 19:45:23', 'https://openclassrooms.com/courses/developpez-votre-site-web-avec-le-framework-symfony2/validez-vos-donnees', 45, NULL, 'Modele de Sécurité des services web SOAP est un mécanisme de création de web service sécurisé en utilisant le modèle SOAP', 'Modele de Sécurité des services web SOAP est un mécanisme de création de web service sécurisé en utilisant le modèle SOAP', 'Ares-CDD', 'Etudiant, Chercheurs', NULL, 'dc2bc694508f3f709d343292a90840c6.pdf', 'J.Tandjiekpon [1], E. Damiani[2], F. Frati [2]', 4, '2012', 1),
(5, 2, 1, 1, 'Production de la Chaine de Cotonou a Natitingou', 'Natintingou Coton Production', 'wanagash, natitingou', 'wanagash, natitingou', '2016-07-10 20:13:28', 'https://openclassrooms.com/courses/developpez-votre-site-web-avec-le-framework-symfony2/validez-vos-donnees', 0, '2eme Edtition', 'Production de la Chaine de Cotonou a Natitingou est un Production de la Chaine de Cotonou a Natitingou Production de la Chaine de Cotonou a Natitingou Production de la Chaine de Cotonou a Natitingou Production de la Chaine de Cotonou a Natitingou', 'Production de la Chaine de Cotonou a Natitingou est un Production de la Chaine de Cotonou a Natitingou Production de la Chaine de Cotonou a Natitingou Production de la Chaine de Cotonou a Natitingou Production de la Chaine de Cotonou a Natitingou', 'Ares-CDD', 'Chercheurs, Agronomes,', 'Ce projet est personnel', NULL, 'K.Kiki {1], M. Lorenzo [2]', 2, '2016', 3),
(6, 2, 2, 1, 'Production de la Chaine de Cotonou a Natitingou', 'Natintingou Coton Production', 'Production de la Chaine de Cotonou a Natitingou', 'Production de la Chaine de Cotonou a Natitingou', '2016-07-10 20:13:39', 'https://openclassrooms.com/courses/developpez-votre-site-web-avec-le-framework-symfony2/validez-vos-donnees', 2, '2eme Edtition', 'Production de la Chaine de Cotonou a NatitingouProduction de la Chaine de Cotonou a NatitingouProduction de la Chaine de Cotonou a NatitingouProduction de la Chaine de Cotonou a NatitingouProduction de la Chaine de Cotonou a NatitingouProduction de la Chaine de Cotonou a Natitingou', 'Production de la Chaine de Cotonou a NatitingouProduction de la Chaine de Cotonou a NatitingouProduction de la Chaine de Cotonou a NatitingouProduction de la Chaine de Cotonou a NatitingouProduction de la Chaine de Cotonou a NatitingouProduction de la Chaine de Cotonou a Natitingou', 'Ares-CDD', 'Production de la Chaine de Cotonou a Natitingou', 'Production de la Chaine de Cotonou a Natitingou', NULL, 'Production de la Chaine de Cotonou a Natitingou', 2, '2015', 4),
(7, 2, 1, 1, 'Production de la Chaine de Cotonou a Tuncuntouna', NULL, 'Voici le resumé', NULL, '2016-07-10 20:13:16', 'https://openclassrooms.com/courses/developpez-votre-site-web-avec-le-framework-symfony2/validez-vos-donnees', NULL, '2eme Edtition', NULL, 'Voici le resumé', 'Ares-CDD', 'Enseignant, Chercheurs', NULL, NULL, 'J.Tandjiekpon [1], K. Lanha [2], N. Gbenou [1]', 5, '2007', 4),
(8, 2, 1, 1, 'Modele de Sécurité des services web SOAP', 'SOAP Sécurity Model', 'SOAP, Web service', 'SOAP, Web service', '2016-07-10 19:45:23', 'https://openclassrooms.com/courses/developpez-votre-site-web-avec-le-framework-symfony2/validez-vos-donnees', 45, NULL, 'Modele de Sécurité des services web SOAP est un mécanisme de création de web service sécurisé en utilisant le modèle SOAP', 'Modele de Sécurité des services web SOAP est un mécanisme de création de web service sécurisé en utilisant le modèle SOAP', 'Ares-CDD', 'Etudiant, Chercheurs', NULL, 'dc2bc694508f3f709d343292a90840c6.pdf', 'J.Tandjiekpon [1], E. Damiani[2], F. Frati [2]', 4, '2012', 1),
(9, 2, 1, 1, 'Production de la Chaine de Cotonou a Natitingou', 'Natintingou Coton Production', 'wanagash, natitingou', 'wanagash, natitingou', '2016-07-10 20:13:28', 'https://openclassrooms.com/courses/developpez-votre-site-web-avec-le-framework-symfony2/validez-vos-donnees', 0, '2eme Edtition', 'Production de la Chaine de Cotonou a Natitingou est un Production de la Chaine de Cotonou a Natitingou Production de la Chaine de Cotonou a Natitingou Production de la Chaine de Cotonou a Natitingou Production de la Chaine de Cotonou a Natitingou', 'Production de la Chaine de Cotonou a Natitingou est un Production de la Chaine de Cotonou a Natitingou Production de la Chaine de Cotonou a Natitingou Production de la Chaine de Cotonou a Natitingou Production de la Chaine de Cotonou a Natitingou', 'Ares-CDD', 'Chercheurs, Agronomes,', 'Ce projet est personnel', NULL, 'K.Kiki {1], M. Lorenzo [2]', 2, '2016', 3),
(10, 2, 2, 1, 'Production de la Chaine de Cotonou a Natitingou', 'Natintingou Coton Production', 'Production de la Chaine de Cotonou a Natitingou', 'Production de la Chaine de Cotonou a Natitingou', '2016-07-10 20:13:39', 'https://openclassrooms.com/courses/developpez-votre-site-web-avec-le-framework-symfony2/validez-vos-donnees', 2, '2eme Edtition', 'Production de la Chaine de Cotonou a NatitingouProduction de la Chaine de Cotonou a NatitingouProduction de la Chaine de Cotonou a NatitingouProduction de la Chaine de Cotonou a NatitingouProduction de la Chaine de Cotonou a NatitingouProduction de la Chaine de Cotonou a Natitingou', 'Production de la Chaine de Cotonou a NatitingouProduction de la Chaine de Cotonou a NatitingouProduction de la Chaine de Cotonou a NatitingouProduction de la Chaine de Cotonou a NatitingouProduction de la Chaine de Cotonou a NatitingouProduction de la Chaine de Cotonou a Natitingou', 'Ares-CDD', 'Production de la Chaine de Cotonou a Natitingou', 'Production de la Chaine de Cotonou a Natitingou', NULL, 'Production de la Chaine de Cotonou a Natitingou', 2, '2015', 4),
(11, 2, 1, 1, 'Production de la Chaine de Cotonou a Tuncuntouna', NULL, 'Voici le resumé', NULL, '2016-07-10 20:13:16', 'https://openclassrooms.com/courses/developpez-votre-site-web-avec-le-framework-symfony2/validez-vos-donnees', NULL, '2eme Edtition', NULL, 'Voici le resumé', 'Ares-CDD', 'Enseignant, Chercheurs', NULL, NULL, 'J.Tandjiekpon [1], K. Lanha [2], N. Gbenou [1]', 5, '2007', 4),
(12, 2, 1, 1, 'Modele de Sécurité des services web SOAP', 'SOAP Sécurity Model', 'SOAP, Web service', 'SOAP, Web service', '2016-07-10 19:45:23', 'https://openclassrooms.com/courses/developpez-votre-site-web-avec-le-framework-symfony2/validez-vos-donnees', 45, NULL, 'Modele de Sécurité des services web SOAP est un mécanisme de création de web service sécurisé en utilisant le modèle SOAP', 'Modele de Sécurité des services web SOAP est un mécanisme de création de web service sécurisé en utilisant le modèle SOAP', 'Ares-CDD', 'Etudiant, Chercheurs', NULL, 'dc2bc694508f3f709d343292a90840c6.pdf', 'J.Tandjiekpon [1], E. Damiani[2], F. Frati [2]', 4, '2012', 1),
(13, 2, 1, 1, 'Production de la Chaine de Cotonou a Natitingou', 'Natintingou Coton Production', 'wanagash, natitingou', 'wanagash, natitingou', '2016-07-10 20:13:28', 'https://openclassrooms.com/courses/developpez-votre-site-web-avec-le-framework-symfony2/validez-vos-donnees', 0, '2eme Edtition', 'Production de la Chaine de Cotonou a Natitingou est un Production de la Chaine de Cotonou a Natitingou Production de la Chaine de Cotonou a Natitingou Production de la Chaine de Cotonou a Natitingou Production de la Chaine de Cotonou a Natitingou', 'Production de la Chaine de Cotonou a Natitingou est un Production de la Chaine de Cotonou a Natitingou Production de la Chaine de Cotonou a Natitingou Production de la Chaine de Cotonou a Natitingou Production de la Chaine de Cotonou a Natitingou', 'Ares-CDD', 'Chercheurs, Agronomes,', 'Ce projet est personnel', NULL, 'K.Kiki {1], M. Lorenzo [2]', 2, '2016', 3),
(14, 2, 2, 1, 'Production de la Chaine de Cotonou a Natitingou', 'Natintingou Coton Production', 'Production de la Chaine de Cotonou a Natitingou', 'Production de la Chaine de Cotonou a Natitingou', '2016-07-10 20:13:39', 'https://openclassrooms.com/courses/developpez-votre-site-web-avec-le-framework-symfony2/validez-vos-donnees', 2, '2eme Edtition', 'Production de la Chaine de Cotonou a NatitingouProduction de la Chaine de Cotonou a NatitingouProduction de la Chaine de Cotonou a NatitingouProduction de la Chaine de Cotonou a NatitingouProduction de la Chaine de Cotonou a NatitingouProduction de la Chaine de Cotonou a Natitingou', 'Production de la Chaine de Cotonou a NatitingouProduction de la Chaine de Cotonou a NatitingouProduction de la Chaine de Cotonou a NatitingouProduction de la Chaine de Cotonou a NatitingouProduction de la Chaine de Cotonou a NatitingouProduction de la Chaine de Cotonou a Natitingou', 'Ares-CDD', 'Production de la Chaine de Cotonou a Natitingou', 'Production de la Chaine de Cotonou a Natitingou', NULL, 'Production de la Chaine de Cotonou a Natitingou', 2, '2015', 4),
(15, 2, 1, 1, 'Production de la Chaine de Cotonou a Tuncuntouna', NULL, 'Voici le resumé', NULL, '2016-07-10 20:13:16', 'https://openclassrooms.com/courses/developpez-votre-site-web-avec-le-framework-symfony2/validez-vos-donnees', NULL, '2eme Edtition', NULL, 'Voici le resumé', 'Ares-CDD', 'Enseignant, Chercheurs', NULL, NULL, 'J.Tandjiekpon [1], K. Lanha [2], N. Gbenou [1]', 5, '2007', 4),
(16, 2, 1, 1, 'Modele de Sécurité des services web SOAP', 'SOAP Sécurity Model', 'SOAP, Web service', 'SOAP, Web service', '2016-07-10 19:45:23', 'https://openclassrooms.com/courses/developpez-votre-site-web-avec-le-framework-symfony2/validez-vos-donnees', 45, NULL, 'Modele de Sécurité des services web SOAP est un mécanisme de création de web service sécurisé en utilisant le modèle SOAP', 'Modele de Sécurité des services web SOAP est un mécanisme de création de web service sécurisé en utilisant le modèle SOAP', 'Ares-CDD', 'Etudiant, Chercheurs', NULL, 'dc2bc694508f3f709d343292a90840c6.pdf', 'J.Tandjiekpon [1], E. Damiani[2], F. Frati [2]', 4, '2012', 1),
(17, 2, 1, 1, 'Production de la Chaine de Cotonou a Natitingou', 'Natintingou Coton Production', 'wanagash, natitingou', 'wanagash, natitingou', '2016-07-10 20:13:28', 'https://openclassrooms.com/courses/developpez-votre-site-web-avec-le-framework-symfony2/validez-vos-donnees', 0, '2eme Edtition', 'Production de la Chaine de Cotonou a Natitingou est un Production de la Chaine de Cotonou a Natitingou Production de la Chaine de Cotonou a Natitingou Production de la Chaine de Cotonou a Natitingou Production de la Chaine de Cotonou a Natitingou', 'Production de la Chaine de Cotonou a Natitingou est un Production de la Chaine de Cotonou a Natitingou Production de la Chaine de Cotonou a Natitingou Production de la Chaine de Cotonou a Natitingou Production de la Chaine de Cotonou a Natitingou', 'Ares-CDD', 'Chercheurs, Agronomes,', 'Ce projet est personnel', NULL, 'K.Kiki {1], M. Lorenzo [2]', 2, '2016', 3),
(18, 2, 2, 1, 'Production de la Chaine de Cotonou a Natitingou', 'Natintingou Coton Production', 'Production de la Chaine de Cotonou a Natitingou', 'Production de la Chaine de Cotonou a Natitingou', '2016-07-10 20:13:39', 'https://openclassrooms.com/courses/developpez-votre-site-web-avec-le-framework-symfony2/validez-vos-donnees', 2, '2eme Edtition', 'Production de la Chaine de Cotonou a NatitingouProduction de la Chaine de Cotonou a NatitingouProduction de la Chaine de Cotonou a NatitingouProduction de la Chaine de Cotonou a NatitingouProduction de la Chaine de Cotonou a NatitingouProduction de la Chaine de Cotonou a Natitingou', 'Production de la Chaine de Cotonou a NatitingouProduction de la Chaine de Cotonou a NatitingouProduction de la Chaine de Cotonou a NatitingouProduction de la Chaine de Cotonou a NatitingouProduction de la Chaine de Cotonou a NatitingouProduction de la Chaine de Cotonou a Natitingou', 'Ares-CDD', 'Production de la Chaine de Cotonou a Natitingou', 'Production de la Chaine de Cotonou a Natitingou', NULL, 'Production de la Chaine de Cotonou a Natitingou', 2, '2015', 4),
(19, 2, 1, 1, 'Production de la Chaine de Cotonou a Tuncuntouna', NULL, 'Voici le resumé', NULL, '2016-07-10 20:13:16', 'https://openclassrooms.com/courses/developpez-votre-site-web-avec-le-framework-symfony2/validez-vos-donnees', NULL, '2eme Edtition', NULL, 'Voici le resumé', 'Ares-CDD', 'Enseignant, Chercheurs', NULL, NULL, 'J.Tandjiekpon [1], K. Lanha [2], N. Gbenou [1]', 5, '2007', 4),
(20, 2, 1, 1, 'Modele de Sécurité des services web SOAP', 'SOAP Sécurity Model', 'SOAP, Web service', 'SOAP, Web service', '2016-07-10 19:45:23', 'https://openclassrooms.com/courses/developpez-votre-site-web-avec-le-framework-symfony2/validez-vos-donnees', 45, NULL, 'Modele de Sécurité des services web SOAP est un mécanisme de création de web service sécurisé en utilisant le modèle SOAP', 'Modele de Sécurité des services web SOAP est un mécanisme de création de web service sécurisé en utilisant le modèle SOAP', 'Ares-CDD', 'Etudiant, Chercheurs', NULL, 'dc2bc694508f3f709d343292a90840c6.pdf', 'J.Tandjiekpon [1], E. Damiani[2], F. Frati [2]', 4, '2012', 1),
(21, 2, 1, 1, 'Production de la Chaine de Cotonou a Natitingou', 'Natintingou Coton Production', 'wanagash, natitingou', 'wanagash, natitingou', '2016-07-10 20:13:28', 'https://openclassrooms.com/courses/developpez-votre-site-web-avec-le-framework-symfony2/validez-vos-donnees', 0, '2eme Edtition', 'Production de la Chaine de Cotonou a Natitingou est un Production de la Chaine de Cotonou a Natitingou Production de la Chaine de Cotonou a Natitingou Production de la Chaine de Cotonou a Natitingou Production de la Chaine de Cotonou a Natitingou', 'Production de la Chaine de Cotonou a Natitingou est un Production de la Chaine de Cotonou a Natitingou Production de la Chaine de Cotonou a Natitingou Production de la Chaine de Cotonou a Natitingou Production de la Chaine de Cotonou a Natitingou', 'Ares-CDD', 'Chercheurs, Agronomes,', 'Ce projet est personnel', NULL, 'K.Kiki {1], M. Lorenzo [2]', 2, '2016', 3),
(22, 2, 2, 1, 'Production de la Chaine de Cotonou a Natitingou', 'Natintingou Coton Production', 'Production de la Chaine de Cotonou a Natitingou', 'Production de la Chaine de Cotonou a Natitingou', '2016-07-10 20:13:39', 'https://openclassrooms.com/courses/developpez-votre-site-web-avec-le-framework-symfony2/validez-vos-donnees', 2, '2eme Edtition', 'Production de la Chaine de Cotonou a NatitingouProduction de la Chaine de Cotonou a NatitingouProduction de la Chaine de Cotonou a NatitingouProduction de la Chaine de Cotonou a NatitingouProduction de la Chaine de Cotonou a NatitingouProduction de la Chaine de Cotonou a Natitingou', 'Production de la Chaine de Cotonou a NatitingouProduction de la Chaine de Cotonou a NatitingouProduction de la Chaine de Cotonou a NatitingouProduction de la Chaine de Cotonou a NatitingouProduction de la Chaine de Cotonou a NatitingouProduction de la Chaine de Cotonou a Natitingou', 'Ares-CDD', 'Production de la Chaine de Cotonou a Natitingou', 'Production de la Chaine de Cotonou a Natitingou', NULL, 'Production de la Chaine de Cotonou a Natitingou', 2, '2015', 4),
(23, 2, 1, 1, 'Production de la Chaine de Cotonou a Tuncuntouna', NULL, 'Voici le resumé', NULL, '2016-07-10 20:13:16', 'https://openclassrooms.com/courses/developpez-votre-site-web-avec-le-framework-symfony2/validez-vos-donnees', NULL, '2eme Edtition', NULL, 'Voici le resumé', 'Ares-CDD', 'Enseignant, Chercheurs', NULL, NULL, 'J.Tandjiekpon [1], K. Lanha [2], N. Gbenou [1]', 5, '2007', 4),
(24, 2, 1, 1, 'Modele de Sécurité des services web SOAP', 'SOAP Sécurity Model', 'SOAP, Web service', 'SOAP, Web service', '2016-07-10 19:45:23', 'https://openclassrooms.com/courses/developpez-votre-site-web-avec-le-framework-symfony2/validez-vos-donnees', 45, NULL, 'Modele de Sécurité des services web SOAP est un mécanisme de création de web service sécurisé en utilisant le modèle SOAP', 'Modele de Sécurité des services web SOAP est un mécanisme de création de web service sécurisé en utilisant le modèle SOAP', 'Ares-CDD', 'Etudiant, Chercheurs', NULL, 'dc2bc694508f3f709d343292a90840c6.pdf', 'J.Tandjiekpon [1], E. Damiani[2], F. Frati [2]', 4, '2012', 1),
(25, 2, 1, 1, 'Production de la Chaine de Cotonou a Natitingou', 'Natintingou Coton Production', 'wanagash, natitingou', 'wanagash, natitingou', '2016-07-10 20:13:28', 'https://openclassrooms.com/courses/developpez-votre-site-web-avec-le-framework-symfony2/validez-vos-donnees', 0, '2eme Edtition', 'Production de la Chaine de Cotonou a Natitingou est un Production de la Chaine de Cotonou a Natitingou Production de la Chaine de Cotonou a Natitingou Production de la Chaine de Cotonou a Natitingou Production de la Chaine de Cotonou a Natitingou', 'Production de la Chaine de Cotonou a Natitingou est un Production de la Chaine de Cotonou a Natitingou Production de la Chaine de Cotonou a Natitingou Production de la Chaine de Cotonou a Natitingou Production de la Chaine de Cotonou a Natitingou', 'Ares-CDD', 'Chercheurs, Agronomes,', 'Ce projet est personnel', NULL, 'K.Kiki {1], M. Lorenzo [2]', 2, '2016', 3),
(26, 2, 2, 1, 'Production de la Chaine de Cotonou a Natitingou', 'Natintingou Coton Production', 'Production de la Chaine de Cotonou a Natitingou', 'Production de la Chaine de Cotonou a Natitingou', '2016-07-10 20:13:39', 'https://openclassrooms.com/courses/developpez-votre-site-web-avec-le-framework-symfony2/validez-vos-donnees', 2, '2eme Edtition', 'Production de la Chaine de Cotonou a NatitingouProduction de la Chaine de Cotonou a NatitingouProduction de la Chaine de Cotonou a NatitingouProduction de la Chaine de Cotonou a NatitingouProduction de la Chaine de Cotonou a NatitingouProduction de la Chaine de Cotonou a Natitingou', 'Production de la Chaine de Cotonou a NatitingouProduction de la Chaine de Cotonou a NatitingouProduction de la Chaine de Cotonou a NatitingouProduction de la Chaine de Cotonou a NatitingouProduction de la Chaine de Cotonou a NatitingouProduction de la Chaine de Cotonou a Natitingou', 'Ares-CDD', 'Production de la Chaine de Cotonou a Natitingou', 'Production de la Chaine de Cotonou a Natitingou', NULL, 'Production de la Chaine de Cotonou a Natitingou', 2, '2015', 4),
(27, 2, 1, 1, 'Production de la Chaine de Cotonou a Tuncuntouna', NULL, 'Voici le resumé', NULL, '2016-07-10 20:13:16', 'https://openclassrooms.com/courses/developpez-votre-site-web-avec-le-framework-symfony2/validez-vos-donnees', NULL, '2eme Edtition', NULL, 'Voici le resumé', 'Ares-CDD', 'Enseignant, Chercheurs', NULL, NULL, 'J.Tandjiekpon [1], K. Lanha [2], N. Gbenou [1]', 5, '2007', 4),
(28, 2, 1, 1, 'Modele de Sécurité des services web SOAP', 'SOAP Sécurity Model', 'SOAP, Web service', 'SOAP, Web service', '2016-07-10 19:45:23', 'https://openclassrooms.com/courses/developpez-votre-site-web-avec-le-framework-symfony2/validez-vos-donnees', 45, NULL, 'Modele de Sécurité des services web SOAP est un mécanisme de création de web service sécurisé en utilisant le modèle SOAP', 'Modele de Sécurité des services web SOAP est un mécanisme de création de web service sécurisé en utilisant le modèle SOAP', 'Ares-CDD', 'Etudiant, Chercheurs', NULL, 'dc2bc694508f3f709d343292a90840c6.pdf', 'J.Tandjiekpon [1], E. Damiani[2], F. Frati [2]', 4, '2012', 1),
(29, 2, 1, 1, 'Production de la Chaine de Cotonou a Natitingou', 'Natintingou Coton Production', 'wanagash, natitingou', 'wanagash, natitingou', '2016-07-10 20:13:28', 'https://openclassrooms.com/courses/developpez-votre-site-web-avec-le-framework-symfony2/validez-vos-donnees', 0, '2eme Edtition', 'Production de la Chaine de Cotonou a Natitingou est un Production de la Chaine de Cotonou a Natitingou Production de la Chaine de Cotonou a Natitingou Production de la Chaine de Cotonou a Natitingou Production de la Chaine de Cotonou a Natitingou', 'Production de la Chaine de Cotonou a Natitingou est un Production de la Chaine de Cotonou a Natitingou Production de la Chaine de Cotonou a Natitingou Production de la Chaine de Cotonou a Natitingou Production de la Chaine de Cotonou a Natitingou', 'Ares-CDD', 'Chercheurs, Agronomes,', 'Ce projet est personnel', NULL, 'K.Kiki {1], M. Lorenzo [2]', 2, '2016', 3),
(30, 2, 2, 1, 'Production de la Chaine de Cotonou a Natitingou', 'Natintingou Coton Production', 'Production de la Chaine de Cotonou a Natitingou', 'Production de la Chaine de Cotonou a Natitingou', '2016-07-10 20:13:39', 'https://openclassrooms.com/courses/developpez-votre-site-web-avec-le-framework-symfony2/validez-vos-donnees', 2, '2eme Edtition', 'Production de la Chaine de Cotonou a NatitingouProduction de la Chaine de Cotonou a NatitingouProduction de la Chaine de Cotonou a NatitingouProduction de la Chaine de Cotonou a NatitingouProduction de la Chaine de Cotonou a NatitingouProduction de la Chaine de Cotonou a Natitingou', 'Production de la Chaine de Cotonou a NatitingouProduction de la Chaine de Cotonou a NatitingouProduction de la Chaine de Cotonou a NatitingouProduction de la Chaine de Cotonou a NatitingouProduction de la Chaine de Cotonou a NatitingouProduction de la Chaine de Cotonou a Natitingou', 'Ares-CDD', 'Production de la Chaine de Cotonou a Natitingou', 'Production de la Chaine de Cotonou a Natitingou', NULL, 'Production de la Chaine de Cotonou a Natitingou', 2, '2015', 4),
(31, 2, 1, 1, 'Production de la Chaine de Cotonou a Tuncuntouna', NULL, 'Voici le resumé', NULL, '2016-07-10 20:13:16', 'https://openclassrooms.com/courses/developpez-votre-site-web-avec-le-framework-symfony2/validez-vos-donnees', NULL, '2eme Edtition', NULL, 'Voici le resumé', 'Ares-CDD', 'Enseignant, Chercheurs', NULL, NULL, 'J.Tandjiekpon [1], K. Lanha [2], N. Gbenou [1]', 5, '2007', 4),
(32, 2, 1, 1, 'Modele de Sécurité des services web SOAP', 'SOAP Sécurity Model', 'SOAP, Web service', 'SOAP, Web service', '2016-07-10 19:45:23', 'https://openclassrooms.com/courses/developpez-votre-site-web-avec-le-framework-symfony2/validez-vos-donnees', 45, NULL, 'Modele de Sécurité des services web SOAP est un mécanisme de création de web service sécurisé en utilisant le modèle SOAP', 'Modele de Sécurité des services web SOAP est un mécanisme de création de web service sécurisé en utilisant le modèle SOAP', 'Ares-CDD', 'Etudiant, Chercheurs', NULL, 'dc2bc694508f3f709d343292a90840c6.pdf', 'J.Tandjiekpon [1], E. Damiani[2], F. Frati [2]', 4, '2012', 1),
(33, 2, 1, 1, 'Production de la Chaine de Cotonou a Natitingou', 'Natintingou Coton Production', 'wanagash, natitingou', 'wanagash, natitingou', '2016-07-10 20:13:28', 'https://openclassrooms.com/courses/developpez-votre-site-web-avec-le-framework-symfony2/validez-vos-donnees', 0, '2eme Edtition', 'Production de la Chaine de Cotonou a Natitingou est un Production de la Chaine de Cotonou a Natitingou Production de la Chaine de Cotonou a Natitingou Production de la Chaine de Cotonou a Natitingou Production de la Chaine de Cotonou a Natitingou', 'Production de la Chaine de Cotonou a Natitingou est un Production de la Chaine de Cotonou a Natitingou Production de la Chaine de Cotonou a Natitingou Production de la Chaine de Cotonou a Natitingou Production de la Chaine de Cotonou a Natitingou', 'Ares-CDD', 'Chercheurs, Agronomes,', 'Ce projet est personnel', NULL, 'K.Kiki {1], M. Lorenzo [2]', 2, '2016', 3),
(34, 2, 2, 1, 'Production de la Chaine de Cotonou a Natitingou', 'Natintingou Coton Production', 'Production de la Chaine de Cotonou a Natitingou', 'Production de la Chaine de Cotonou a Natitingou', '2016-07-10 20:13:39', 'https://openclassrooms.com/courses/developpez-votre-site-web-avec-le-framework-symfony2/validez-vos-donnees', 2, '2eme Edtition', 'Production de la Chaine de Cotonou a NatitingouProduction de la Chaine de Cotonou a NatitingouProduction de la Chaine de Cotonou a NatitingouProduction de la Chaine de Cotonou a NatitingouProduction de la Chaine de Cotonou a NatitingouProduction de la Chaine de Cotonou a Natitingou', 'Production de la Chaine de Cotonou a NatitingouProduction de la Chaine de Cotonou a NatitingouProduction de la Chaine de Cotonou a NatitingouProduction de la Chaine de Cotonou a NatitingouProduction de la Chaine de Cotonou a NatitingouProduction de la Chaine de Cotonou a Natitingou', 'Ares-CDD', 'Production de la Chaine de Cotonou a Natitingou', 'Production de la Chaine de Cotonou a Natitingou', NULL, 'Production de la Chaine de Cotonou a Natitingou', 2, '2015', 4),
(35, 2, 1, 1, 'Production de la Chaine de Cotonou a Tuncuntouna', NULL, 'Voici le resumé', NULL, '2016-07-10 20:13:16', 'https://openclassrooms.com/courses/developpez-votre-site-web-avec-le-framework-symfony2/validez-vos-donnees', NULL, '2eme Edtition', NULL, 'Voici le resumé', 'Ares-CDD', 'Enseignant, Chercheurs', NULL, NULL, 'J.Tandjiekpon [1], K. Lanha [2], N. Gbenou [1]', 5, '2007', 4),
(36, 2, 1, 1, 'Modele de Sécurité des services web SOAP', 'SOAP Sécurity Model', 'SOAP, Web service', 'SOAP, Web service', '2016-07-10 19:45:23', 'https://openclassrooms.com/courses/developpez-votre-site-web-avec-le-framework-symfony2/validez-vos-donnees', 45, NULL, 'Modele de Sécurité des services web SOAP est un mécanisme de création de web service sécurisé en utilisant le modèle SOAP', 'Modele de Sécurité des services web SOAP est un mécanisme de création de web service sécurisé en utilisant le modèle SOAP', 'Ares-CDD', 'Etudiant, Chercheurs', NULL, 'dc2bc694508f3f709d343292a90840c6.pdf', 'J.Tandjiekpon [1], E. Damiani[2], F. Frati [2]', 4, '2012', 1),
(37, 2, 1, 1, 'Production de la Chaine de Cotonou a Natitingou', 'Natintingou Coton Production', 'wanagash, natitingou', 'wanagash, natitingou', '2016-07-10 20:13:28', 'https://openclassrooms.com/courses/developpez-votre-site-web-avec-le-framework-symfony2/validez-vos-donnees', 0, '2eme Edtition', 'Production de la Chaine de Cotonou a Natitingou est un Production de la Chaine de Cotonou a Natitingou Production de la Chaine de Cotonou a Natitingou Production de la Chaine de Cotonou a Natitingou Production de la Chaine de Cotonou a Natitingou', 'Production de la Chaine de Cotonou a Natitingou est un Production de la Chaine de Cotonou a Natitingou Production de la Chaine de Cotonou a Natitingou Production de la Chaine de Cotonou a Natitingou Production de la Chaine de Cotonou a Natitingou', 'Ares-CDD', 'Chercheurs, Agronomes,', 'Ce projet est personnel', NULL, 'K.Kiki {1], M. Lorenzo [2]', 2, '2016', 3),
(38, 2, 2, 1, 'Production de la Chaine de Cotonou a Natitingou', 'Natintingou Coton Production', 'Production de la Chaine de Cotonou a Natitingou', 'Production de la Chaine de Cotonou a Natitingou', '2016-07-10 20:13:39', 'https://openclassrooms.com/courses/developpez-votre-site-web-avec-le-framework-symfony2/validez-vos-donnees', 2, '2eme Edtition', 'Production de la Chaine de Cotonou a NatitingouProduction de la Chaine de Cotonou a NatitingouProduction de la Chaine de Cotonou a NatitingouProduction de la Chaine de Cotonou a NatitingouProduction de la Chaine de Cotonou a NatitingouProduction de la Chaine de Cotonou a Natitingou', 'Production de la Chaine de Cotonou a NatitingouProduction de la Chaine de Cotonou a NatitingouProduction de la Chaine de Cotonou a NatitingouProduction de la Chaine de Cotonou a NatitingouProduction de la Chaine de Cotonou a NatitingouProduction de la Chaine de Cotonou a Natitingou', 'Ares-CDD', 'Production de la Chaine de Cotonou a Natitingou', 'Production de la Chaine de Cotonou a Natitingou', NULL, 'Production de la Chaine de Cotonou a Natitingou', 2, '2015', 4),
(39, 2, 1, 1, 'Production de la Chaine de Cotonou a Tuncuntouna', NULL, 'Voici le resumé', NULL, '2016-07-10 20:13:16', 'https://openclassrooms.com/courses/developpez-votre-site-web-avec-le-framework-symfony2/validez-vos-donnees', NULL, '2eme Edtition', NULL, 'Voici le resumé', 'Ares-CDD', 'Enseignant, Chercheurs', NULL, NULL, 'J.Tandjiekpon [1], K. Lanha [2], N. Gbenou [1]', 5, '2007', 4),
(40, 2, 1, 1, 'Modele de Sécurité des services web SOAP', 'SOAP Sécurity Model', 'SOAP, Web service', 'SOAP, Web service', '2016-07-10 19:45:23', 'https://openclassrooms.com/courses/developpez-votre-site-web-avec-le-framework-symfony2/validez-vos-donnees', 45, NULL, 'Modele de Sécurité des services web SOAP est un mécanisme de création de web service sécurisé en utilisant le modèle SOAP', 'Modele de Sécurité des services web SOAP est un mécanisme de création de web service sécurisé en utilisant le modèle SOAP', 'Ares-CDD', 'Etudiant, Chercheurs', NULL, 'dc2bc694508f3f709d343292a90840c6.pdf', 'J.Tandjiekpon [1], E. Damiani[2], F. Frati [2]', 4, '2012', 1),
(41, 2, 1, 1, 'Production de la Chaine de Cotonou a Natitingou', 'Natintingou Coton Production', 'wanagash, natitingou', 'wanagash, natitingou', '2016-07-10 20:13:28', 'https://openclassrooms.com/courses/developpez-votre-site-web-avec-le-framework-symfony2/validez-vos-donnees', 0, '2eme Edtition', 'Production de la Chaine de Cotonou a Natitingou est un Production de la Chaine de Cotonou a Natitingou Production de la Chaine de Cotonou a Natitingou Production de la Chaine de Cotonou a Natitingou Production de la Chaine de Cotonou a Natitingou', 'Production de la Chaine de Cotonou a Natitingou est un Production de la Chaine de Cotonou a Natitingou Production de la Chaine de Cotonou a Natitingou Production de la Chaine de Cotonou a Natitingou Production de la Chaine de Cotonou a Natitingou', 'Ares-CDD', 'Chercheurs, Agronomes,', 'Ce projet est personnel', NULL, 'K.Kiki {1], M. Lorenzo [2]', 2, '2016', 3),
(42, 2, 2, 1, 'Production de la Chaine de Cotonou a Natitingou', 'Natintingou Coton Production', 'Production de la Chaine de Cotonou a Natitingou', 'Production de la Chaine de Cotonou a Natitingou', '2016-07-10 20:13:39', 'https://openclassrooms.com/courses/developpez-votre-site-web-avec-le-framework-symfony2/validez-vos-donnees', 2, '2eme Edtition', 'Production de la Chaine de Cotonou a NatitingouProduction de la Chaine de Cotonou a NatitingouProduction de la Chaine de Cotonou a NatitingouProduction de la Chaine de Cotonou a NatitingouProduction de la Chaine de Cotonou a NatitingouProduction de la Chaine de Cotonou a Natitingou', 'Production de la Chaine de Cotonou a NatitingouProduction de la Chaine de Cotonou a NatitingouProduction de la Chaine de Cotonou a NatitingouProduction de la Chaine de Cotonou a NatitingouProduction de la Chaine de Cotonou a NatitingouProduction de la Chaine de Cotonou a Natitingou', 'Ares-CDD', 'Production de la Chaine de Cotonou a Natitingou', 'Production de la Chaine de Cotonou a Natitingou', NULL, 'Production de la Chaine de Cotonou a Natitingou', 2, '2015', 4),
(43, 2, 1, 1, 'Production de la Chaine de Cotonou a Tuncuntouna', NULL, 'Voici le resumé', NULL, '2016-07-10 20:13:16', 'https://openclassrooms.com/courses/developpez-votre-site-web-avec-le-framework-symfony2/validez-vos-donnees', NULL, '2eme Edtition', NULL, 'Voici le resumé', 'Ares-CDD', 'Enseignant, Chercheurs', NULL, NULL, 'J.Tandjiekpon [1], K. Lanha [2], N. Gbenou [1]', 5, '2007', 4),
(44, 2, 1, 1, 'Modele de Sécurité des services web SOAP', 'SOAP Sécurity Model', 'SOAP, Web service', 'SOAP, Web service', '2016-07-10 19:45:23', 'https://openclassrooms.com/courses/developpez-votre-site-web-avec-le-framework-symfony2/validez-vos-donnees', 45, NULL, 'Modele de Sécurité des services web SOAP est un mécanisme de création de web service sécurisé en utilisant le modèle SOAP', 'Modele de Sécurité des services web SOAP est un mécanisme de création de web service sécurisé en utilisant le modèle SOAP', 'Ares-CDD', 'Etudiant, Chercheurs', NULL, 'dc2bc694508f3f709d343292a90840c6.pdf', 'J.Tandjiekpon [1], E. Damiani[2], F. Frati [2]', 4, '2012', 1),
(45, 2, 1, 1, 'Production de la Chaine de Cotonou a Natitingou', 'Natintingou Coton Production', 'wanagash, natitingou', 'wanagash, natitingou', '2016-07-10 20:13:28', 'https://openclassrooms.com/courses/developpez-votre-site-web-avec-le-framework-symfony2/validez-vos-donnees', 0, '2eme Edtition', 'Production de la Chaine de Cotonou a Natitingou est un Production de la Chaine de Cotonou a Natitingou Production de la Chaine de Cotonou a Natitingou Production de la Chaine de Cotonou a Natitingou Production de la Chaine de Cotonou a Natitingou', 'Production de la Chaine de Cotonou a Natitingou est un Production de la Chaine de Cotonou a Natitingou Production de la Chaine de Cotonou a Natitingou Production de la Chaine de Cotonou a Natitingou Production de la Chaine de Cotonou a Natitingou', 'Ares-CDD', 'Chercheurs, Agronomes,', 'Ce projet est personnel', NULL, 'K.Kiki {1], M. Lorenzo [2]', 2, '2016', 3),
(46, 2, 2, 1, 'Production de la Chaine de Cotonou a Natitingou', 'Natintingou Coton Production', 'Production de la Chaine de Cotonou a Natitingou', 'Production de la Chaine de Cotonou a Natitingou', '2016-07-10 20:13:39', 'https://openclassrooms.com/courses/developpez-votre-site-web-avec-le-framework-symfony2/validez-vos-donnees', 2, '2eme Edtition', 'Production de la Chaine de Cotonou a NatitingouProduction de la Chaine de Cotonou a NatitingouProduction de la Chaine de Cotonou a NatitingouProduction de la Chaine de Cotonou a NatitingouProduction de la Chaine de Cotonou a NatitingouProduction de la Chaine de Cotonou a Natitingou', 'Production de la Chaine de Cotonou a NatitingouProduction de la Chaine de Cotonou a NatitingouProduction de la Chaine de Cotonou a NatitingouProduction de la Chaine de Cotonou a NatitingouProduction de la Chaine de Cotonou a NatitingouProduction de la Chaine de Cotonou a Natitingou', 'Ares-CDD', 'Production de la Chaine de Cotonou a Natitingou', 'Production de la Chaine de Cotonou a Natitingou', NULL, 'Production de la Chaine de Cotonou a Natitingou', 2, '2015', 4),
(47, 2, 1, 1, 'Production de la Chaine de Cotonou a Tuncuntouna', NULL, 'Voici le resumé', NULL, '2016-07-10 20:13:16', 'https://openclassrooms.com/courses/developpez-votre-site-web-avec-le-framework-symfony2/validez-vos-donnees', NULL, '2eme Edtition', NULL, 'Voici le resumé', 'Ares-CDD', 'Enseignant, Chercheurs', NULL, NULL, 'J.Tandjiekpon [1], K. Lanha [2], N. Gbenou [1]', 5, '2007', 4),
(48, 2, 1, 1, 'Modele de Sécurité des services web SOAP', 'SOAP Sécurity Model', 'SOAP, Web service', 'SOAP, Web service', '2016-07-10 19:45:23', 'https://openclassrooms.com/courses/developpez-votre-site-web-avec-le-framework-symfony2/validez-vos-donnees', 45, NULL, 'Modele de Sécurité des services web SOAP est un mécanisme de création de web service sécurisé en utilisant le modèle SOAP', 'Modele de Sécurité des services web SOAP est un mécanisme de création de web service sécurisé en utilisant le modèle SOAP', 'Ares-CDD', 'Etudiant, Chercheurs', NULL, 'dc2bc694508f3f709d343292a90840c6.pdf', 'J.Tandjiekpon [1], E. Damiani[2], F. Frati [2]', 4, '2012', 1),
(49, 2, 1, 1, 'Production de la Chaine de Cotonou a Natitingou', 'Natintingou Coton Production', 'wanagash, natitingou', 'wanagash, natitingou', '2016-07-10 20:13:28', 'https://openclassrooms.com/courses/developpez-votre-site-web-avec-le-framework-symfony2/validez-vos-donnees', 0, '2eme Edtition', 'Production de la Chaine de Cotonou a Natitingou est un Production de la Chaine de Cotonou a Natitingou Production de la Chaine de Cotonou a Natitingou Production de la Chaine de Cotonou a Natitingou Production de la Chaine de Cotonou a Natitingou', 'Production de la Chaine de Cotonou a Natitingou est un Production de la Chaine de Cotonou a Natitingou Production de la Chaine de Cotonou a Natitingou Production de la Chaine de Cotonou a Natitingou Production de la Chaine de Cotonou a Natitingou', 'Ares-CDD', 'Chercheurs, Agronomes,', 'Ce projet est personnel', NULL, 'K.Kiki {1], M. Lorenzo [2]', 2, '2016', 3),
(50, 2, 2, 1, 'Production de la Chaine de Cotonou a Natitingou', 'Natintingou Coton Production', 'Production de la Chaine de Cotonou a Natitingou', 'Production de la Chaine de Cotonou a Natitingou', '2016-07-10 20:13:39', 'https://openclassrooms.com/courses/developpez-votre-site-web-avec-le-framework-symfony2/validez-vos-donnees', 2, '2eme Edtition', 'Production de la Chaine de Cotonou a NatitingouProduction de la Chaine de Cotonou a NatitingouProduction de la Chaine de Cotonou a NatitingouProduction de la Chaine de Cotonou a NatitingouProduction de la Chaine de Cotonou a NatitingouProduction de la Chaine de Cotonou a Natitingou', 'Production de la Chaine de Cotonou a NatitingouProduction de la Chaine de Cotonou a NatitingouProduction de la Chaine de Cotonou a NatitingouProduction de la Chaine de Cotonou a NatitingouProduction de la Chaine de Cotonou a NatitingouProduction de la Chaine de Cotonou a Natitingou', 'Ares-CDD', 'Production de la Chaine de Cotonou a Natitingou', 'Production de la Chaine de Cotonou a Natitingou', NULL, 'Production de la Chaine de Cotonou a Natitingou', 2, '2015', 4),
(51, 2, 1, 1, 'Production de la Chaine de Cotonou a Tuncuntouna', NULL, 'Voici le resumé', NULL, '2016-07-10 20:13:16', 'https://openclassrooms.com/courses/developpez-votre-site-web-avec-le-framework-symfony2/validez-vos-donnees', NULL, '2eme Edtition', NULL, 'Voici le resumé', 'Ares-CDD', 'Enseignant, Chercheurs', NULL, NULL, 'J.Tandjiekpon [1], K. Lanha [2], N. Gbenou [1]', 5, '2007', 4),
(52, 2, 1, 1, 'Modele de Sécurité des services web SOAP', 'SOAP Sécurity Model', 'SOAP, Web service', 'SOAP, Web service', '2016-07-10 19:45:23', 'https://openclassrooms.com/courses/developpez-votre-site-web-avec-le-framework-symfony2/validez-vos-donnees', 45, NULL, 'Modele de Sécurité des services web SOAP est un mécanisme de création de web service sécurisé en utilisant le modèle SOAP', 'Modele de Sécurité des services web SOAP est un mécanisme de création de web service sécurisé en utilisant le modèle SOAP', 'Ares-CDD', 'Etudiant, Chercheurs', NULL, 'dc2bc694508f3f709d343292a90840c6.pdf', 'J.Tandjiekpon [1], E. Damiani[2], F. Frati [2]', 4, '2012', 1),
(53, 2, 1, 1, 'Production de la Chaine de Cotonou a Natitingou', 'Natintingou Coton Production', 'wanagash, natitingou', 'wanagash, natitingou', '2016-07-10 20:13:28', 'https://openclassrooms.com/courses/developpez-votre-site-web-avec-le-framework-symfony2/validez-vos-donnees', 0, '2eme Edtition', 'Production de la Chaine de Cotonou a Natitingou est un Production de la Chaine de Cotonou a Natitingou Production de la Chaine de Cotonou a Natitingou Production de la Chaine de Cotonou a Natitingou Production de la Chaine de Cotonou a Natitingou', 'Production de la Chaine de Cotonou a Natitingou est un Production de la Chaine de Cotonou a Natitingou Production de la Chaine de Cotonou a Natitingou Production de la Chaine de Cotonou a Natitingou Production de la Chaine de Cotonou a Natitingou', 'Ares-CDD', 'Chercheurs, Agronomes,', 'Ce projet est personnel', NULL, 'K.Kiki {1], M. Lorenzo [2]', 2, '2016', 3),
(54, 2, 2, 1, 'Production de la Chaine de Cotonou a Natitingou', 'Natintingou Coton Production', 'Production de la Chaine de Cotonou a Natitingou', 'Production de la Chaine de Cotonou a Natitingou', '2016-07-10 20:13:39', 'https://openclassrooms.com/courses/developpez-votre-site-web-avec-le-framework-symfony2/validez-vos-donnees', 2, '2eme Edtition', 'Production de la Chaine de Cotonou a NatitingouProduction de la Chaine de Cotonou a NatitingouProduction de la Chaine de Cotonou a NatitingouProduction de la Chaine de Cotonou a NatitingouProduction de la Chaine de Cotonou a NatitingouProduction de la Chaine de Cotonou a Natitingou', 'Production de la Chaine de Cotonou a NatitingouProduction de la Chaine de Cotonou a NatitingouProduction de la Chaine de Cotonou a NatitingouProduction de la Chaine de Cotonou a NatitingouProduction de la Chaine de Cotonou a NatitingouProduction de la Chaine de Cotonou a Natitingou', 'Ares-CDD', 'Production de la Chaine de Cotonou a Natitingou', 'Production de la Chaine de Cotonou a Natitingou', NULL, 'Production de la Chaine de Cotonou a Natitingou', 2, '2015', 4),
(55, 2, 1, 1, 'Production de la Chaine de Cotonou a Tuncuntouna', NULL, 'Voici le resumé', NULL, '2016-07-10 20:13:16', 'https://openclassrooms.com/courses/developpez-votre-site-web-avec-le-framework-symfony2/validez-vos-donnees', NULL, '2eme Edtition', NULL, 'Voici le resumé', 'Ares-CDD', 'Enseignant, Chercheurs', NULL, NULL, 'J.Tandjiekpon [1], K. Lanha [2], N. Gbenou [1]', 5, '2007', 4),
(56, 2, 1, 1, 'Modele de Sécurité des services web SOAP', 'SOAP Sécurity Model', 'SOAP, Web service', 'SOAP, Web service', '2016-07-10 19:45:23', 'https://openclassrooms.com/courses/developpez-votre-site-web-avec-le-framework-symfony2/validez-vos-donnees', 45, NULL, 'Modele de Sécurité des services web SOAP est un mécanisme de création de web service sécurisé en utilisant le modèle SOAP', 'Modele de Sécurité des services web SOAP est un mécanisme de création de web service sécurisé en utilisant le modèle SOAP', 'Ares-CDD', 'Etudiant, Chercheurs', NULL, 'dc2bc694508f3f709d343292a90840c6.pdf', 'J.Tandjiekpon [1], E. Damiani[2], F. Frati [2]', 4, '2012', 1),
(57, 2, 1, 1, 'Production de la Chaine de Cotonou a Natitingou', 'Natintingou Coton Production', 'wanagash, natitingou', 'wanagash, natitingou', '2016-07-10 20:13:28', 'https://openclassrooms.com/courses/developpez-votre-site-web-avec-le-framework-symfony2/validez-vos-donnees', 0, '2eme Edtition', 'Production de la Chaine de Cotonou a Natitingou est un Production de la Chaine de Cotonou a Natitingou Production de la Chaine de Cotonou a Natitingou Production de la Chaine de Cotonou a Natitingou Production de la Chaine de Cotonou a Natitingou', 'Production de la Chaine de Cotonou a Natitingou est un Production de la Chaine de Cotonou a Natitingou Production de la Chaine de Cotonou a Natitingou Production de la Chaine de Cotonou a Natitingou Production de la Chaine de Cotonou a Natitingou', 'Ares-CDD', 'Chercheurs, Agronomes,', 'Ce projet est personnel', NULL, 'K.Kiki {1], M. Lorenzo [2]', 2, '2016', 3),
(58, 2, 2, 1, 'Production de la Chaine de Cotonou a Natitingou', 'Natintingou Coton Production', 'Production de la Chaine de Cotonou a Natitingou', 'Production de la Chaine de Cotonou a Natitingou', '2016-07-10 20:13:39', 'https://openclassrooms.com/courses/developpez-votre-site-web-avec-le-framework-symfony2/validez-vos-donnees', 2, '2eme Edtition', 'Production de la Chaine de Cotonou a NatitingouProduction de la Chaine de Cotonou a NatitingouProduction de la Chaine de Cotonou a NatitingouProduction de la Chaine de Cotonou a NatitingouProduction de la Chaine de Cotonou a NatitingouProduction de la Chaine de Cotonou a Natitingou', 'Production de la Chaine de Cotonou a NatitingouProduction de la Chaine de Cotonou a NatitingouProduction de la Chaine de Cotonou a NatitingouProduction de la Chaine de Cotonou a NatitingouProduction de la Chaine de Cotonou a NatitingouProduction de la Chaine de Cotonou a Natitingou', 'Ares-CDD', 'Production de la Chaine de Cotonou a Natitingou', 'Production de la Chaine de Cotonou a Natitingou', NULL, 'Production de la Chaine de Cotonou a Natitingou', 2, '2015', 4),
(59, 2, 1, 1, 'Production de la Chaine de Cotonou a Tuncuntouna', NULL, 'Voici le resumé', NULL, '2016-07-10 20:13:16', 'https://openclassrooms.com/courses/developpez-votre-site-web-avec-le-framework-symfony2/validez-vos-donnees', NULL, '2eme Edtition', NULL, 'Voici le resumé', 'Ares-CDD', 'Enseignant, Chercheurs', NULL, NULL, 'J.Tandjiekpon [1], K. Lanha [2], N. Gbenou [1]', 5, '2007', 4),
(60, 2, 1, 1, 'Modele de Sécurité des services web SOAP', 'SOAP Sécurity Model', 'SOAP, Web service', 'SOAP, Web service', '2016-07-10 19:45:23', 'https://openclassrooms.com/courses/developpez-votre-site-web-avec-le-framework-symfony2/validez-vos-donnees', 45, NULL, 'Modele de Sécurité des services web SOAP est un mécanisme de création de web service sécurisé en utilisant le modèle SOAP', 'Modele de Sécurité des services web SOAP est un mécanisme de création de web service sécurisé en utilisant le modèle SOAP', 'Ares-CDD', 'Etudiant, Chercheurs', NULL, 'dc2bc694508f3f709d343292a90840c6.pdf', 'J.Tandjiekpon [1], E. Damiani[2], F. Frati [2]', 4, '2012', 1),
(61, 2, 1, 1, 'Production de la Chaine de Cotonou a Natitingou', 'Natintingou Coton Production', 'wanagash, natitingou', 'wanagash, natitingou', '2016-07-10 20:13:28', 'https://openclassrooms.com/courses/developpez-votre-site-web-avec-le-framework-symfony2/validez-vos-donnees', 0, '2eme Edtition', 'Production de la Chaine de Cotonou a Natitingou est un Production de la Chaine de Cotonou a Natitingou Production de la Chaine de Cotonou a Natitingou Production de la Chaine de Cotonou a Natitingou Production de la Chaine de Cotonou a Natitingou', 'Production de la Chaine de Cotonou a Natitingou est un Production de la Chaine de Cotonou a Natitingou Production de la Chaine de Cotonou a Natitingou Production de la Chaine de Cotonou a Natitingou Production de la Chaine de Cotonou a Natitingou', 'Ares-CDD', 'Chercheurs, Agronomes,', 'Ce projet est personnel', NULL, 'K.Kiki {1], M. Lorenzo [2]', 2, '2016', 3),
(62, 2, 2, 1, 'Production de la Chaine de Cotonou a Natitingou', 'Natintingou Coton Production', 'Production de la Chaine de Cotonou a Natitingou', 'Production de la Chaine de Cotonou a Natitingou', '2016-07-10 20:13:39', 'https://openclassrooms.com/courses/developpez-votre-site-web-avec-le-framework-symfony2/validez-vos-donnees', 2, '2eme Edtition', 'Production de la Chaine de Cotonou a NatitingouProduction de la Chaine de Cotonou a NatitingouProduction de la Chaine de Cotonou a NatitingouProduction de la Chaine de Cotonou a NatitingouProduction de la Chaine de Cotonou a NatitingouProduction de la Chaine de Cotonou a Natitingou', 'Production de la Chaine de Cotonou a NatitingouProduction de la Chaine de Cotonou a NatitingouProduction de la Chaine de Cotonou a NatitingouProduction de la Chaine de Cotonou a NatitingouProduction de la Chaine de Cotonou a NatitingouProduction de la Chaine de Cotonou a Natitingou', 'Ares-CDD', 'Production de la Chaine de Cotonou a Natitingou', 'Production de la Chaine de Cotonou a Natitingou', NULL, 'Production de la Chaine de Cotonou a Natitingou', 2, '2015', 4),
(63, 2, 1, 1, 'Production de la Chaine de Cotonou a Tuncuntouna', NULL, 'Voici le resumé', NULL, '2016-07-10 20:13:16', 'https://openclassrooms.com/courses/developpez-votre-site-web-avec-le-framework-symfony2/validez-vos-donnees', NULL, '2eme Edtition', NULL, 'Voici le resumé', 'Ares-CDD', 'Enseignant, Chercheurs', NULL, NULL, 'J.Tandjiekpon [1], K. Lanha [2], N. Gbenou [1]', 5, '2007', 4),
(64, 2, 1, 1, 'Modele de Sécurité des services web SOAP', 'SOAP Sécurity Model', 'SOAP, Web service', 'SOAP, Web service', '2016-07-10 19:45:23', 'https://openclassrooms.com/courses/developpez-votre-site-web-avec-le-framework-symfony2/validez-vos-donnees', 45, NULL, 'Modele de Sécurité des services web SOAP est un mécanisme de création de web service sécurisé en utilisant le modèle SOAP', 'Modele de Sécurité des services web SOAP est un mécanisme de création de web service sécurisé en utilisant le modèle SOAP', 'Ares-CDD', 'Etudiant, Chercheurs', NULL, 'dc2bc694508f3f709d343292a90840c6.pdf', 'J.Tandjiekpon [1], E. Damiani[2], F. Frati [2]', 4, '2012', 1);
INSERT INTO `publication` (`id`, `type_id`, `revue_id`, `user_id`, `titreFr`, `titreEn`, `motCle`, `keyWords`, `date`, `lienInternet`, `nombreDePage`, `editionRevue`, `abstract`, `resume`, `financement`, `cibles`, `commentaire`, `fichier`, `auteur`, `discipline_id`, `annee`, `entite_id`) VALUES
(65, 2, 1, 1, 'Production de la Chaine de Cotonou a Natitingou', 'Natintingou Coton Production', 'wanagash, natitingou', 'wanagash, natitingou', '2016-07-10 20:13:28', 'https://openclassrooms.com/courses/developpez-votre-site-web-avec-le-framework-symfony2/validez-vos-donnees', 0, '2eme Edtition', 'Production de la Chaine de Cotonou a Natitingou est un Production de la Chaine de Cotonou a Natitingou Production de la Chaine de Cotonou a Natitingou Production de la Chaine de Cotonou a Natitingou Production de la Chaine de Cotonou a Natitingou', 'Production de la Chaine de Cotonou a Natitingou est un Production de la Chaine de Cotonou a Natitingou Production de la Chaine de Cotonou a Natitingou Production de la Chaine de Cotonou a Natitingou Production de la Chaine de Cotonou a Natitingou', 'Ares-CDD', 'Chercheurs, Agronomes,', 'Ce projet est personnel', NULL, 'K.Kiki {1], M. Lorenzo [2]', 2, '2016', 3),
(66, 2, 2, 1, 'Production de la Chaine de Cotonou a Natitingou', 'Natintingou Coton Production', 'Production de la Chaine de Cotonou a Natitingou', 'Production de la Chaine de Cotonou a Natitingou', '2016-07-10 20:13:39', 'https://openclassrooms.com/courses/developpez-votre-site-web-avec-le-framework-symfony2/validez-vos-donnees', 2, '2eme Edtition', 'Production de la Chaine de Cotonou a NatitingouProduction de la Chaine de Cotonou a NatitingouProduction de la Chaine de Cotonou a NatitingouProduction de la Chaine de Cotonou a NatitingouProduction de la Chaine de Cotonou a NatitingouProduction de la Chaine de Cotonou a Natitingou', 'Production de la Chaine de Cotonou a NatitingouProduction de la Chaine de Cotonou a NatitingouProduction de la Chaine de Cotonou a NatitingouProduction de la Chaine de Cotonou a NatitingouProduction de la Chaine de Cotonou a NatitingouProduction de la Chaine de Cotonou a Natitingou', 'Ares-CDD', 'Production de la Chaine de Cotonou a Natitingou', 'Production de la Chaine de Cotonou a Natitingou', NULL, 'Production de la Chaine de Cotonou a Natitingou', 2, '2015', 4),
(67, 2, 1, 1, 'Production de la Chaine de Cotonou a Tuncuntouna', NULL, 'Voici le resumé', NULL, '2016-07-10 20:13:16', 'https://openclassrooms.com/courses/developpez-votre-site-web-avec-le-framework-symfony2/validez-vos-donnees', NULL, '2eme Edtition', NULL, 'Voici le resumé', 'Ares-CDD', 'Enseignant, Chercheurs', NULL, NULL, 'J.Tandjiekpon [1], K. Lanha [2], N. Gbenou [1]', 5, '2007', 4),
(68, 2, 1, 1, 'Modele de Sécurité des services web SOAP', 'SOAP Sécurity Model', 'SOAP, Web service', 'SOAP, Web service', '2016-07-10 19:45:23', 'https://openclassrooms.com/courses/developpez-votre-site-web-avec-le-framework-symfony2/validez-vos-donnees', 45, NULL, 'Modele de Sécurité des services web SOAP est un mécanisme de création de web service sécurisé en utilisant le modèle SOAP', 'Modele de Sécurité des services web SOAP est un mécanisme de création de web service sécurisé en utilisant le modèle SOAP', 'Ares-CDD', 'Etudiant, Chercheurs', NULL, 'dc2bc694508f3f709d343292a90840c6.pdf', 'J.Tandjiekpon [1], E. Damiani[2], F. Frati [2]', 4, '2012', 1),
(69, 2, 1, 1, 'Production de la Chaine de Cotonou a Natitingou', 'Natintingou Coton Production', 'wanagash, natitingou', 'wanagash, natitingou', '2016-07-10 20:13:28', 'https://openclassrooms.com/courses/developpez-votre-site-web-avec-le-framework-symfony2/validez-vos-donnees', 0, '2eme Edtition', 'Production de la Chaine de Cotonou a Natitingou est un Production de la Chaine de Cotonou a Natitingou Production de la Chaine de Cotonou a Natitingou Production de la Chaine de Cotonou a Natitingou Production de la Chaine de Cotonou a Natitingou', 'Production de la Chaine de Cotonou a Natitingou est un Production de la Chaine de Cotonou a Natitingou Production de la Chaine de Cotonou a Natitingou Production de la Chaine de Cotonou a Natitingou Production de la Chaine de Cotonou a Natitingou', 'Ares-CDD', 'Chercheurs, Agronomes,', 'Ce projet est personnel', NULL, 'K.Kiki {1], M. Lorenzo [2]', 2, '2016', 3),
(70, 2, 2, 1, 'Production de la Chaine de Cotonou a Natitingou', 'Natintingou Coton Production', 'Production de la Chaine de Cotonou a Natitingou', 'Production de la Chaine de Cotonou a Natitingou', '2016-07-10 20:13:39', 'https://openclassrooms.com/courses/developpez-votre-site-web-avec-le-framework-symfony2/validez-vos-donnees', 2, '2eme Edtition', 'Production de la Chaine de Cotonou a NatitingouProduction de la Chaine de Cotonou a NatitingouProduction de la Chaine de Cotonou a NatitingouProduction de la Chaine de Cotonou a NatitingouProduction de la Chaine de Cotonou a NatitingouProduction de la Chaine de Cotonou a Natitingou', 'Production de la Chaine de Cotonou a NatitingouProduction de la Chaine de Cotonou a NatitingouProduction de la Chaine de Cotonou a NatitingouProduction de la Chaine de Cotonou a NatitingouProduction de la Chaine de Cotonou a NatitingouProduction de la Chaine de Cotonou a Natitingou', 'Ares-CDD', 'Production de la Chaine de Cotonou a Natitingou', 'Production de la Chaine de Cotonou a Natitingou', NULL, 'Production de la Chaine de Cotonou a Natitingou', 2, '2015', 4),
(71, 2, 1, 1, 'Production de la Chaine de Cotonou a Tuncuntouna', NULL, 'Voici le resumé', NULL, '2016-07-10 20:13:16', 'https://openclassrooms.com/courses/developpez-votre-site-web-avec-le-framework-symfony2/validez-vos-donnees', NULL, '2eme Edtition', NULL, 'Voici le resumé', 'Ares-CDD', 'Enseignant, Chercheurs', NULL, NULL, 'J.Tandjiekpon [1], K. Lanha [2], N. Gbenou [1]', 5, '2007', 4),
(72, 2, 1, 1, 'Modele de Sécurité des services web SOAP', 'SOAP Sécurity Model', 'SOAP, Web service', 'SOAP, Web service', '2016-07-10 19:45:23', 'https://openclassrooms.com/courses/developpez-votre-site-web-avec-le-framework-symfony2/validez-vos-donnees', 45, NULL, 'Modele de Sécurité des services web SOAP est un mécanisme de création de web service sécurisé en utilisant le modèle SOAP', 'Modele de Sécurité des services web SOAP est un mécanisme de création de web service sécurisé en utilisant le modèle SOAP', 'Ares-CDD', 'Etudiant, Chercheurs', NULL, 'dc2bc694508f3f709d343292a90840c6.pdf', 'J.Tandjiekpon [1], E. Damiani[2], F. Frati [2]', 4, '2012', 1),
(73, 2, 1, 1, 'Production de la Chaine de Cotonou a Natitingou', 'Natintingou Coton Production', 'wanagash, natitingou', 'wanagash, natitingou', '2016-07-10 20:13:28', 'https://openclassrooms.com/courses/developpez-votre-site-web-avec-le-framework-symfony2/validez-vos-donnees', 0, '2eme Edtition', 'Production de la Chaine de Cotonou a Natitingou est un Production de la Chaine de Cotonou a Natitingou Production de la Chaine de Cotonou a Natitingou Production de la Chaine de Cotonou a Natitingou Production de la Chaine de Cotonou a Natitingou', 'Production de la Chaine de Cotonou a Natitingou est un Production de la Chaine de Cotonou a Natitingou Production de la Chaine de Cotonou a Natitingou Production de la Chaine de Cotonou a Natitingou Production de la Chaine de Cotonou a Natitingou', 'Ares-CDD', 'Chercheurs, Agronomes,', 'Ce projet est personnel', NULL, 'K.Kiki {1], M. Lorenzo [2]', 2, '2016', 3),
(74, 2, 2, 1, 'Production de la Chaine de Cotonou a Natitingou', 'Natintingou Coton Production', 'Production de la Chaine de Cotonou a Natitingou', 'Production de la Chaine de Cotonou a Natitingou', '2016-07-10 20:13:39', 'https://openclassrooms.com/courses/developpez-votre-site-web-avec-le-framework-symfony2/validez-vos-donnees', 2, '2eme Edtition', 'Production de la Chaine de Cotonou a NatitingouProduction de la Chaine de Cotonou a NatitingouProduction de la Chaine de Cotonou a NatitingouProduction de la Chaine de Cotonou a NatitingouProduction de la Chaine de Cotonou a NatitingouProduction de la Chaine de Cotonou a Natitingou', 'Production de la Chaine de Cotonou a NatitingouProduction de la Chaine de Cotonou a NatitingouProduction de la Chaine de Cotonou a NatitingouProduction de la Chaine de Cotonou a NatitingouProduction de la Chaine de Cotonou a NatitingouProduction de la Chaine de Cotonou a Natitingou', 'Ares-CDD', 'Production de la Chaine de Cotonou a Natitingou', 'Production de la Chaine de Cotonou a Natitingou', NULL, 'Production de la Chaine de Cotonou a Natitingou', 2, '2015', 4),
(75, 2, 1, 1, 'Production de la Chaine de Cotonou a Tuncuntouna', NULL, 'Voici le resumé', NULL, '2016-07-10 20:13:16', 'https://openclassrooms.com/courses/developpez-votre-site-web-avec-le-framework-symfony2/validez-vos-donnees', NULL, '2eme Edtition', NULL, 'Voici le resumé', 'Ares-CDD', 'Enseignant, Chercheurs', NULL, NULL, 'J.Tandjiekpon [1], K. Lanha [2], N. Gbenou [1]', 5, '2007', 4),
(76, 2, 1, 1, 'Modele de Sécurité des services web SOAP', 'SOAP Sécurity Model', 'SOAP, Web service', 'SOAP, Web service', '2016-07-10 19:45:23', 'https://openclassrooms.com/courses/developpez-votre-site-web-avec-le-framework-symfony2/validez-vos-donnees', 45, NULL, 'Modele de Sécurité des services web SOAP est un mécanisme de création de web service sécurisé en utilisant le modèle SOAP', 'Modele de Sécurité des services web SOAP est un mécanisme de création de web service sécurisé en utilisant le modèle SOAP', 'Ares-CDD', 'Etudiant, Chercheurs', NULL, 'dc2bc694508f3f709d343292a90840c6.pdf', 'J.Tandjiekpon [1], E. Damiani[2], F. Frati [2]', 4, '2012', 1),
(77, 2, 1, 1, 'Production de la Chaine de Cotonou a Natitingou', 'Natintingou Coton Production', 'wanagash, natitingou', 'wanagash, natitingou', '2016-07-10 20:13:28', 'https://openclassrooms.com/courses/developpez-votre-site-web-avec-le-framework-symfony2/validez-vos-donnees', 0, '2eme Edtition', 'Production de la Chaine de Cotonou a Natitingou est un Production de la Chaine de Cotonou a Natitingou Production de la Chaine de Cotonou a Natitingou Production de la Chaine de Cotonou a Natitingou Production de la Chaine de Cotonou a Natitingou', 'Production de la Chaine de Cotonou a Natitingou est un Production de la Chaine de Cotonou a Natitingou Production de la Chaine de Cotonou a Natitingou Production de la Chaine de Cotonou a Natitingou Production de la Chaine de Cotonou a Natitingou', 'Ares-CDD', 'Chercheurs, Agronomes,', 'Ce projet est personnel', NULL, 'K.Kiki {1], M. Lorenzo [2]', 2, '2016', 3),
(78, 2, 2, 1, 'Production de la Chaine de Cotonou a Natitingou', 'Natintingou Coton Production', 'Production de la Chaine de Cotonou a Natitingou', 'Production de la Chaine de Cotonou a Natitingou', '2016-07-10 20:13:39', 'https://openclassrooms.com/courses/developpez-votre-site-web-avec-le-framework-symfony2/validez-vos-donnees', 2, '2eme Edtition', 'Production de la Chaine de Cotonou a NatitingouProduction de la Chaine de Cotonou a NatitingouProduction de la Chaine de Cotonou a NatitingouProduction de la Chaine de Cotonou a NatitingouProduction de la Chaine de Cotonou a NatitingouProduction de la Chaine de Cotonou a Natitingou', 'Production de la Chaine de Cotonou a NatitingouProduction de la Chaine de Cotonou a NatitingouProduction de la Chaine de Cotonou a NatitingouProduction de la Chaine de Cotonou a NatitingouProduction de la Chaine de Cotonou a NatitingouProduction de la Chaine de Cotonou a Natitingou', 'Ares-CDD', 'Production de la Chaine de Cotonou a Natitingou', 'Production de la Chaine de Cotonou a Natitingou', NULL, 'Production de la Chaine de Cotonou a Natitingou', 2, '2015', 4),
(79, 2, 1, 1, 'Production de la Chaine de Cotonou a Tuncuntouna', NULL, 'Voici le resumé', NULL, '2016-07-10 20:13:16', 'https://openclassrooms.com/courses/developpez-votre-site-web-avec-le-framework-symfony2/validez-vos-donnees', NULL, '2eme Edtition', NULL, 'Voici le resumé', 'Ares-CDD', 'Enseignant, Chercheurs', NULL, NULL, 'J.Tandjiekpon [1], K. Lanha [2], N. Gbenou [1]', 5, '2007', 4),
(80, 2, 1, 1, 'Modele de Sécurité des services web SOAP', 'SOAP Sécurity Model', 'SOAP, Web service', 'SOAP, Web service', '2016-07-10 19:45:23', 'https://openclassrooms.com/courses/developpez-votre-site-web-avec-le-framework-symfony2/validez-vos-donnees', 45, NULL, 'Modele de Sécurité des services web SOAP est un mécanisme de création de web service sécurisé en utilisant le modèle SOAP', 'Modele de Sécurité des services web SOAP est un mécanisme de création de web service sécurisé en utilisant le modèle SOAP', 'Ares-CDD', 'Etudiant, Chercheurs', NULL, 'dc2bc694508f3f709d343292a90840c6.pdf', 'J.Tandjiekpon [1], E. Damiani[2], F. Frati [2]', 4, '2012', 1),
(81, 2, 1, 1, 'Production de la Chaine de Cotonou a Natitingou', 'Natintingou Coton Production', 'wanagash, natitingou', 'wanagash, natitingou', '2016-07-10 20:13:28', 'https://openclassrooms.com/courses/developpez-votre-site-web-avec-le-framework-symfony2/validez-vos-donnees', 0, '2eme Edtition', 'Production de la Chaine de Cotonou a Natitingou est un Production de la Chaine de Cotonou a Natitingou Production de la Chaine de Cotonou a Natitingou Production de la Chaine de Cotonou a Natitingou Production de la Chaine de Cotonou a Natitingou', 'Production de la Chaine de Cotonou a Natitingou est un Production de la Chaine de Cotonou a Natitingou Production de la Chaine de Cotonou a Natitingou Production de la Chaine de Cotonou a Natitingou Production de la Chaine de Cotonou a Natitingou', 'Ares-CDD', 'Chercheurs, Agronomes,', 'Ce projet est personnel', NULL, 'K.Kiki {1], M. Lorenzo [2]', 2, '2016', 3),
(82, 2, 2, 1, 'Production de la Chaine de Cotonou a Natitingou', 'Natintingou Coton Production', 'Production de la Chaine de Cotonou a Natitingou', 'Production de la Chaine de Cotonou a Natitingou', '2016-07-10 20:13:39', 'https://openclassrooms.com/courses/developpez-votre-site-web-avec-le-framework-symfony2/validez-vos-donnees', 2, '2eme Edtition', 'Production de la Chaine de Cotonou a NatitingouProduction de la Chaine de Cotonou a NatitingouProduction de la Chaine de Cotonou a NatitingouProduction de la Chaine de Cotonou a NatitingouProduction de la Chaine de Cotonou a NatitingouProduction de la Chaine de Cotonou a Natitingou', 'Production de la Chaine de Cotonou a NatitingouProduction de la Chaine de Cotonou a NatitingouProduction de la Chaine de Cotonou a NatitingouProduction de la Chaine de Cotonou a NatitingouProduction de la Chaine de Cotonou a NatitingouProduction de la Chaine de Cotonou a Natitingou', 'Ares-CDD', 'Production de la Chaine de Cotonou a Natitingou', 'Production de la Chaine de Cotonou a Natitingou', NULL, 'Production de la Chaine de Cotonou a Natitingou', 2, '2015', 4),
(83, 2, 1, 1, 'Production de la Chaine de Cotonou a Tuncuntouna', NULL, 'Voici le resumé', NULL, '2016-07-10 20:13:16', 'https://openclassrooms.com/courses/developpez-votre-site-web-avec-le-framework-symfony2/validez-vos-donnees', NULL, '2eme Edtition', NULL, 'Voici le resumé', 'Ares-CDD', 'Enseignant, Chercheurs', NULL, NULL, 'J.Tandjiekpon [1], K. Lanha [2], N. Gbenou [1]', 5, '2007', 4),
(84, 2, 1, 1, 'Modele de Sécurité des services web SOAP', 'SOAP Sécurity Model', 'SOAP, Web service', 'SOAP, Web service', '2016-07-10 19:45:23', 'https://openclassrooms.com/courses/developpez-votre-site-web-avec-le-framework-symfony2/validez-vos-donnees', 45, NULL, 'Modele de Sécurité des services web SOAP est un mécanisme de création de web service sécurisé en utilisant le modèle SOAP', 'Modele de Sécurité des services web SOAP est un mécanisme de création de web service sécurisé en utilisant le modèle SOAP', 'Ares-CDD', 'Etudiant, Chercheurs', NULL, 'dc2bc694508f3f709d343292a90840c6.pdf', 'J.Tandjiekpon [1], E. Damiani[2], F. Frati [2]', 4, '2012', 1),
(85, 2, 1, 1, 'Production de la Chaine de Cotonou a Natitingou', 'Natintingou Coton Production', 'wanagash, natitingou', 'wanagash, natitingou', '2016-07-10 20:13:28', 'https://openclassrooms.com/courses/developpez-votre-site-web-avec-le-framework-symfony2/validez-vos-donnees', 0, '2eme Edtition', 'Production de la Chaine de Cotonou a Natitingou est un Production de la Chaine de Cotonou a Natitingou Production de la Chaine de Cotonou a Natitingou Production de la Chaine de Cotonou a Natitingou Production de la Chaine de Cotonou a Natitingou', 'Production de la Chaine de Cotonou a Natitingou est un Production de la Chaine de Cotonou a Natitingou Production de la Chaine de Cotonou a Natitingou Production de la Chaine de Cotonou a Natitingou Production de la Chaine de Cotonou a Natitingou', 'Ares-CDD', 'Chercheurs, Agronomes,', 'Ce projet est personnel', NULL, 'K.Kiki {1], M. Lorenzo [2]', 2, '2016', 3),
(86, 2, 2, 1, 'Production de la Chaine de Cotonou a Natitingou', 'Natintingou Coton Production', 'Production de la Chaine de Cotonou a Natitingou', 'Production de la Chaine de Cotonou a Natitingou', '2016-07-10 20:13:39', 'https://openclassrooms.com/courses/developpez-votre-site-web-avec-le-framework-symfony2/validez-vos-donnees', 2, '2eme Edtition', 'Production de la Chaine de Cotonou a NatitingouProduction de la Chaine de Cotonou a NatitingouProduction de la Chaine de Cotonou a NatitingouProduction de la Chaine de Cotonou a NatitingouProduction de la Chaine de Cotonou a NatitingouProduction de la Chaine de Cotonou a Natitingou', 'Production de la Chaine de Cotonou a NatitingouProduction de la Chaine de Cotonou a NatitingouProduction de la Chaine de Cotonou a NatitingouProduction de la Chaine de Cotonou a NatitingouProduction de la Chaine de Cotonou a NatitingouProduction de la Chaine de Cotonou a Natitingou', 'Ares-CDD', 'Production de la Chaine de Cotonou a Natitingou', 'Production de la Chaine de Cotonou a Natitingou', NULL, 'Production de la Chaine de Cotonou a Natitingou', 2, '2015', 4),
(87, 2, 1, 1, 'Production de la Chaine de Cotonou a Tuncuntouna', NULL, 'Voici le resumé', NULL, '2016-07-10 20:13:16', 'https://openclassrooms.com/courses/developpez-votre-site-web-avec-le-framework-symfony2/validez-vos-donnees', NULL, '2eme Edtition', NULL, 'Voici le resumé', 'Ares-CDD', 'Enseignant, Chercheurs', NULL, NULL, 'J.Tandjiekpon [1], K. Lanha [2], N. Gbenou [1]', 5, '2007', 4),
(88, 2, 1, 1, 'Modele de Sécurité des services web SOAP', 'SOAP Sécurity Model', 'SOAP, Web service', 'SOAP, Web service', '2016-07-10 19:45:23', 'https://openclassrooms.com/courses/developpez-votre-site-web-avec-le-framework-symfony2/validez-vos-donnees', 45, NULL, 'Modele de Sécurité des services web SOAP est un mécanisme de création de web service sécurisé en utilisant le modèle SOAP', 'Modele de Sécurité des services web SOAP est un mécanisme de création de web service sécurisé en utilisant le modèle SOAP', 'Ares-CDD', 'Etudiant, Chercheurs', NULL, 'dc2bc694508f3f709d343292a90840c6.pdf', 'J.Tandjiekpon [1], E. Damiani[2], F. Frati [2]', 4, '2012', 1),
(89, 2, 1, 1, 'Production de la Chaine de Cotonou a Natitingou', 'Natintingou Coton Production', 'wanagash, natitingou', 'wanagash, natitingou', '2016-07-10 20:13:28', 'https://openclassrooms.com/courses/developpez-votre-site-web-avec-le-framework-symfony2/validez-vos-donnees', 0, '2eme Edtition', 'Production de la Chaine de Cotonou a Natitingou est un Production de la Chaine de Cotonou a Natitingou Production de la Chaine de Cotonou a Natitingou Production de la Chaine de Cotonou a Natitingou Production de la Chaine de Cotonou a Natitingou', 'Production de la Chaine de Cotonou a Natitingou est un Production de la Chaine de Cotonou a Natitingou Production de la Chaine de Cotonou a Natitingou Production de la Chaine de Cotonou a Natitingou Production de la Chaine de Cotonou a Natitingou', 'Ares-CDD', 'Chercheurs, Agronomes,', 'Ce projet est personnel', NULL, 'K.Kiki {1], M. Lorenzo [2]', 2, '2016', 3),
(90, 2, 2, 1, 'Production de la Chaine de Cotonou a Natitingou', 'Natintingou Coton Production', 'Production de la Chaine de Cotonou a Natitingou', 'Production de la Chaine de Cotonou a Natitingou', '2016-07-10 20:13:39', 'https://openclassrooms.com/courses/developpez-votre-site-web-avec-le-framework-symfony2/validez-vos-donnees', 2, '2eme Edtition', 'Production de la Chaine de Cotonou a NatitingouProduction de la Chaine de Cotonou a NatitingouProduction de la Chaine de Cotonou a NatitingouProduction de la Chaine de Cotonou a NatitingouProduction de la Chaine de Cotonou a NatitingouProduction de la Chaine de Cotonou a Natitingou', 'Production de la Chaine de Cotonou a NatitingouProduction de la Chaine de Cotonou a NatitingouProduction de la Chaine de Cotonou a NatitingouProduction de la Chaine de Cotonou a NatitingouProduction de la Chaine de Cotonou a NatitingouProduction de la Chaine de Cotonou a Natitingou', 'Ares-CDD', 'Production de la Chaine de Cotonou a Natitingou', 'Production de la Chaine de Cotonou a Natitingou', NULL, 'Production de la Chaine de Cotonou a Natitingou', 2, '2015', 4),
(91, 2, 1, 1, 'Production de la Chaine de Cotonou a Tuncuntouna', NULL, 'Voici le resumé', NULL, '2016-07-10 20:13:16', 'https://openclassrooms.com/courses/developpez-votre-site-web-avec-le-framework-symfony2/validez-vos-donnees', NULL, '2eme Edtition', NULL, 'Voici le resumé', 'Ares-CDD', 'Enseignant, Chercheurs', NULL, NULL, 'J.Tandjiekpon [1], K. Lanha [2], N. Gbenou [1]', 5, '2007', 4),
(92, 2, 1, 1, 'Modele de Sécurité des services web SOAP', 'SOAP Sécurity Model', 'SOAP, Web service', 'SOAP, Web service', '2016-07-10 19:45:23', 'https://openclassrooms.com/courses/developpez-votre-site-web-avec-le-framework-symfony2/validez-vos-donnees', 45, NULL, 'Modele de Sécurité des services web SOAP est un mécanisme de création de web service sécurisé en utilisant le modèle SOAP', 'Modele de Sécurité des services web SOAP est un mécanisme de création de web service sécurisé en utilisant le modèle SOAP', 'Ares-CDD', 'Etudiant, Chercheurs', NULL, 'dc2bc694508f3f709d343292a90840c6.pdf', 'J.Tandjiekpon [1], E. Damiani[2], F. Frati [2]', 4, '2012', 1),
(93, 2, 1, 1, 'Production de la Chaine de Cotonou a Natitingou', 'Natintingou Coton Production', 'wanagash, natitingou', 'wanagash, natitingou', '2016-07-10 20:13:28', 'https://openclassrooms.com/courses/developpez-votre-site-web-avec-le-framework-symfony2/validez-vos-donnees', 0, '2eme Edtition', 'Production de la Chaine de Cotonou a Natitingou est un Production de la Chaine de Cotonou a Natitingou Production de la Chaine de Cotonou a Natitingou Production de la Chaine de Cotonou a Natitingou Production de la Chaine de Cotonou a Natitingou', 'Production de la Chaine de Cotonou a Natitingou est un Production de la Chaine de Cotonou a Natitingou Production de la Chaine de Cotonou a Natitingou Production de la Chaine de Cotonou a Natitingou Production de la Chaine de Cotonou a Natitingou', 'Ares-CDD', 'Chercheurs, Agronomes,', 'Ce projet est personnel', NULL, 'K.Kiki {1], M. Lorenzo [2]', 2, '2016', 3),
(94, 2, 2, 1, 'Production de la Chaine de Cotonou a Natitingou', 'Natintingou Coton Production', 'Production de la Chaine de Cotonou a Natitingou', 'Production de la Chaine de Cotonou a Natitingou', '2016-07-10 20:13:39', 'https://openclassrooms.com/courses/developpez-votre-site-web-avec-le-framework-symfony2/validez-vos-donnees', 2, '2eme Edtition', 'Production de la Chaine de Cotonou a NatitingouProduction de la Chaine de Cotonou a NatitingouProduction de la Chaine de Cotonou a NatitingouProduction de la Chaine de Cotonou a NatitingouProduction de la Chaine de Cotonou a NatitingouProduction de la Chaine de Cotonou a Natitingou', 'Production de la Chaine de Cotonou a NatitingouProduction de la Chaine de Cotonou a NatitingouProduction de la Chaine de Cotonou a NatitingouProduction de la Chaine de Cotonou a NatitingouProduction de la Chaine de Cotonou a NatitingouProduction de la Chaine de Cotonou a Natitingou', 'Ares-CDD', 'Production de la Chaine de Cotonou a Natitingou', 'Production de la Chaine de Cotonou a Natitingou', NULL, 'Production de la Chaine de Cotonou a Natitingou', 2, '2015', 4),
(95, 2, 1, 1, 'Production de la Chaine de Cotonou a Tuncuntouna', NULL, 'Voici le resumé', NULL, '2016-07-10 20:13:16', 'https://openclassrooms.com/courses/developpez-votre-site-web-avec-le-framework-symfony2/validez-vos-donnees', NULL, '2eme Edtition', NULL, 'Voici le resumé', 'Ares-CDD', 'Enseignant, Chercheurs', NULL, NULL, 'J.Tandjiekpon [1], K. Lanha [2], N. Gbenou [1]', 5, '2007', 4),
(96, 2, 1, 1, 'Modele de Sécurité des services web SOAP', 'SOAP Sécurity Model', 'SOAP, Web service', 'SOAP, Web service', '2016-07-10 19:45:23', 'https://openclassrooms.com/courses/developpez-votre-site-web-avec-le-framework-symfony2/validez-vos-donnees', 45, NULL, 'Modele de Sécurité des services web SOAP est un mécanisme de création de web service sécurisé en utilisant le modèle SOAP', 'Modele de Sécurité des services web SOAP est un mécanisme de création de web service sécurisé en utilisant le modèle SOAP', 'Ares-CDD', 'Etudiant, Chercheurs', NULL, 'dc2bc694508f3f709d343292a90840c6.pdf', 'J.Tandjiekpon [1], E. Damiani[2], F. Frati [2]', 4, '2012', 1),
(97, 2, 1, 1, 'Production de la Chaine de Cotonou a Natitingou', 'Natintingou Coton Production', 'wanagash, natitingou', 'wanagash, natitingou', '2016-07-10 20:13:28', 'https://openclassrooms.com/courses/developpez-votre-site-web-avec-le-framework-symfony2/validez-vos-donnees', 0, '2eme Edtition', 'Production de la Chaine de Cotonou a Natitingou est un Production de la Chaine de Cotonou a Natitingou Production de la Chaine de Cotonou a Natitingou Production de la Chaine de Cotonou a Natitingou Production de la Chaine de Cotonou a Natitingou', 'Production de la Chaine de Cotonou a Natitingou est un Production de la Chaine de Cotonou a Natitingou Production de la Chaine de Cotonou a Natitingou Production de la Chaine de Cotonou a Natitingou Production de la Chaine de Cotonou a Natitingou', 'Ares-CDD', 'Chercheurs, Agronomes,', 'Ce projet est personnel', NULL, 'K.Kiki {1], M. Lorenzo [2]', 2, '2016', 3),
(98, 2, 2, 1, 'Production de la Chaine de Cotonou a Natitingou', 'Natintingou Coton Production', 'Production de la Chaine de Cotonou a Natitingou', 'Production de la Chaine de Cotonou a Natitingou', '2016-07-10 20:13:39', 'https://openclassrooms.com/courses/developpez-votre-site-web-avec-le-framework-symfony2/validez-vos-donnees', 2, '2eme Edtition', 'Production de la Chaine de Cotonou a NatitingouProduction de la Chaine de Cotonou a NatitingouProduction de la Chaine de Cotonou a NatitingouProduction de la Chaine de Cotonou a NatitingouProduction de la Chaine de Cotonou a NatitingouProduction de la Chaine de Cotonou a Natitingou', 'Production de la Chaine de Cotonou a NatitingouProduction de la Chaine de Cotonou a NatitingouProduction de la Chaine de Cotonou a NatitingouProduction de la Chaine de Cotonou a NatitingouProduction de la Chaine de Cotonou a NatitingouProduction de la Chaine de Cotonou a Natitingou', 'Ares-CDD', 'Production de la Chaine de Cotonou a Natitingou', 'Production de la Chaine de Cotonou a Natitingou', NULL, 'Production de la Chaine de Cotonou a Natitingou', 2, '2015', 4),
(99, 2, 1, 1, 'Production de la Chaine de Cotonou a Tuncuntouna', NULL, 'Voici le resumé', NULL, '2016-07-10 20:13:16', 'https://openclassrooms.com/courses/developpez-votre-site-web-avec-le-framework-symfony2/validez-vos-donnees', NULL, '2eme Edtition', NULL, 'Voici le resumé', 'Ares-CDD', 'Enseignant, Chercheurs', NULL, NULL, 'J.Tandjiekpon [1], K. Lanha [2], N. Gbenou [1]', 5, '2007', 4),
(100, 2, 1, 1, 'Modele de Sécurité des services web SOAP', 'SOAP Sécurity Model', 'SOAP, Web service', 'SOAP, Web service', '2016-07-10 19:45:23', 'https://openclassrooms.com/courses/developpez-votre-site-web-avec-le-framework-symfony2/validez-vos-donnees', 45, NULL, 'Modele de Sécurité des services web SOAP est un mécanisme de création de web service sécurisé en utilisant le modèle SOAP', 'Modele de Sécurité des services web SOAP est un mécanisme de création de web service sécurisé en utilisant le modèle SOAP', 'Ares-CDD', 'Etudiant, Chercheurs', NULL, 'dc2bc694508f3f709d343292a90840c6.pdf', 'J.Tandjiekpon [1], E. Damiani[2], F. Frati [2]', 4, '2012', 1),
(101, 2, 1, 1, 'Production de la Chaine de Cotonou a Natitingou', 'Natintingou Coton Production', 'wanagash, natitingou', 'wanagash, natitingou', '2016-07-10 20:13:28', 'https://openclassrooms.com/courses/developpez-votre-site-web-avec-le-framework-symfony2/validez-vos-donnees', 0, '2eme Edtition', 'Production de la Chaine de Cotonou a Natitingou est un Production de la Chaine de Cotonou a Natitingou Production de la Chaine de Cotonou a Natitingou Production de la Chaine de Cotonou a Natitingou Production de la Chaine de Cotonou a Natitingou', 'Production de la Chaine de Cotonou a Natitingou est un Production de la Chaine de Cotonou a Natitingou Production de la Chaine de Cotonou a Natitingou Production de la Chaine de Cotonou a Natitingou Production de la Chaine de Cotonou a Natitingou', 'Ares-CDD', 'Chercheurs, Agronomes,', 'Ce projet est personnel', NULL, 'K.Kiki {1], M. Lorenzo [2]', 2, '2016', 3),
(102, 2, 2, 1, 'Production de la Chaine de Cotonou a Natitingou', 'Natintingou Coton Production', 'Production de la Chaine de Cotonou a Natitingou', 'Production de la Chaine de Cotonou a Natitingou', '2016-07-10 20:13:39', 'https://openclassrooms.com/courses/developpez-votre-site-web-avec-le-framework-symfony2/validez-vos-donnees', 2, '2eme Edtition', 'Production de la Chaine de Cotonou a NatitingouProduction de la Chaine de Cotonou a NatitingouProduction de la Chaine de Cotonou a NatitingouProduction de la Chaine de Cotonou a NatitingouProduction de la Chaine de Cotonou a NatitingouProduction de la Chaine de Cotonou a Natitingou', 'Production de la Chaine de Cotonou a NatitingouProduction de la Chaine de Cotonou a NatitingouProduction de la Chaine de Cotonou a NatitingouProduction de la Chaine de Cotonou a NatitingouProduction de la Chaine de Cotonou a NatitingouProduction de la Chaine de Cotonou a Natitingou', 'Ares-CDD', 'Production de la Chaine de Cotonou a Natitingou', 'Production de la Chaine de Cotonou a Natitingou', NULL, 'Production de la Chaine de Cotonou a Natitingou', 2, '2015', 4),
(103, 2, 1, 1, 'Production de la Chaine de Cotonou a Tuncuntouna', NULL, 'Voici le resumé', NULL, '2016-07-10 20:13:16', 'https://openclassrooms.com/courses/developpez-votre-site-web-avec-le-framework-symfony2/validez-vos-donnees', NULL, '2eme Edtition', NULL, 'Voici le resumé', 'Ares-CDD', 'Enseignant, Chercheurs', NULL, NULL, 'J.Tandjiekpon [1], K. Lanha [2], N. Gbenou [1]', 5, '2007', 4),
(104, 2, 1, 1, 'Modele de Sécurité des services web SOAP', 'SOAP Sécurity Model', 'SOAP, Web service', 'SOAP, Web service', '2016-07-10 19:45:23', 'https://openclassrooms.com/courses/developpez-votre-site-web-avec-le-framework-symfony2/validez-vos-donnees', 45, NULL, 'Modele de Sécurité des services web SOAP est un mécanisme de création de web service sécurisé en utilisant le modèle SOAP', 'Modele de Sécurité des services web SOAP est un mécanisme de création de web service sécurisé en utilisant le modèle SOAP', 'Ares-CDD', 'Etudiant, Chercheurs', NULL, 'dc2bc694508f3f709d343292a90840c6.pdf', 'J.Tandjiekpon [1], E. Damiani[2], F. Frati [2]', 4, '2012', 1),
(105, 2, 1, 1, 'Production de la Chaine de Cotonou a Natitingou', 'Natintingou Coton Production', 'wanagash, natitingou', 'wanagash, natitingou', '2016-07-10 20:13:28', 'https://openclassrooms.com/courses/developpez-votre-site-web-avec-le-framework-symfony2/validez-vos-donnees', 0, '2eme Edtition', 'Production de la Chaine de Cotonou a Natitingou est un Production de la Chaine de Cotonou a Natitingou Production de la Chaine de Cotonou a Natitingou Production de la Chaine de Cotonou a Natitingou Production de la Chaine de Cotonou a Natitingou', 'Production de la Chaine de Cotonou a Natitingou est un Production de la Chaine de Cotonou a Natitingou Production de la Chaine de Cotonou a Natitingou Production de la Chaine de Cotonou a Natitingou Production de la Chaine de Cotonou a Natitingou', 'Ares-CDD', 'Chercheurs, Agronomes,', 'Ce projet est personnel', NULL, 'K.Kiki {1], M. Lorenzo [2]', 2, '2016', 3),
(106, 2, 2, 1, 'Production de la Chaine de Cotonou a Natitingou', 'Natintingou Coton Production', 'Production de la Chaine de Cotonou a Natitingou', 'Production de la Chaine de Cotonou a Natitingou', '2016-07-10 20:13:39', 'https://openclassrooms.com/courses/developpez-votre-site-web-avec-le-framework-symfony2/validez-vos-donnees', 2, '2eme Edtition', 'Production de la Chaine de Cotonou a NatitingouProduction de la Chaine de Cotonou a NatitingouProduction de la Chaine de Cotonou a NatitingouProduction de la Chaine de Cotonou a NatitingouProduction de la Chaine de Cotonou a NatitingouProduction de la Chaine de Cotonou a Natitingou', 'Production de la Chaine de Cotonou a NatitingouProduction de la Chaine de Cotonou a NatitingouProduction de la Chaine de Cotonou a NatitingouProduction de la Chaine de Cotonou a NatitingouProduction de la Chaine de Cotonou a NatitingouProduction de la Chaine de Cotonou a Natitingou', 'Ares-CDD', 'Production de la Chaine de Cotonou a Natitingou', 'Production de la Chaine de Cotonou a Natitingou', NULL, 'Production de la Chaine de Cotonou a Natitingou', 2, '2015', 4),
(107, 2, 1, 1, 'Production de la Chaine de Cotonou a Tuncuntouna', NULL, 'Voici le resumé', NULL, '2016-07-10 20:13:16', 'https://openclassrooms.com/courses/developpez-votre-site-web-avec-le-framework-symfony2/validez-vos-donnees', NULL, '2eme Edtition', NULL, 'Voici le resumé', 'Ares-CDD', 'Enseignant, Chercheurs', NULL, NULL, 'J.Tandjiekpon [1], K. Lanha [2], N. Gbenou [1]', 5, '2007', 4),
(108, 2, 1, 1, 'Modele de Sécurité des services web SOAP', 'SOAP Sécurity Model', 'SOAP, Web service', 'SOAP, Web service', '2016-07-10 19:45:23', 'https://openclassrooms.com/courses/developpez-votre-site-web-avec-le-framework-symfony2/validez-vos-donnees', 45, NULL, 'Modele de Sécurité des services web SOAP est un mécanisme de création de web service sécurisé en utilisant le modèle SOAP', 'Modele de Sécurité des services web SOAP est un mécanisme de création de web service sécurisé en utilisant le modèle SOAP', 'Ares-CDD', 'Etudiant, Chercheurs', NULL, 'dc2bc694508f3f709d343292a90840c6.pdf', 'J.Tandjiekpon [1], E. Damiani[2], F. Frati [2]', 4, '2012', 1),
(109, 2, 1, 1, 'Production de la Chaine de Cotonou a Natitingou', 'Natintingou Coton Production', 'wanagash, natitingou', 'wanagash, natitingou', '2016-07-10 20:13:28', 'https://openclassrooms.com/courses/developpez-votre-site-web-avec-le-framework-symfony2/validez-vos-donnees', 0, '2eme Edtition', 'Production de la Chaine de Cotonou a Natitingou est un Production de la Chaine de Cotonou a Natitingou Production de la Chaine de Cotonou a Natitingou Production de la Chaine de Cotonou a Natitingou Production de la Chaine de Cotonou a Natitingou', 'Production de la Chaine de Cotonou a Natitingou est un Production de la Chaine de Cotonou a Natitingou Production de la Chaine de Cotonou a Natitingou Production de la Chaine de Cotonou a Natitingou Production de la Chaine de Cotonou a Natitingou', 'Ares-CDD', 'Chercheurs, Agronomes,', 'Ce projet est personnel', NULL, 'K.Kiki {1], M. Lorenzo [2]', 2, '2016', 3),
(110, 2, 2, 1, 'Production de la Chaine de Cotonou a Natitingou', 'Natintingou Coton Production', 'Production de la Chaine de Cotonou a Natitingou', 'Production de la Chaine de Cotonou a Natitingou', '2016-07-10 20:13:39', 'https://openclassrooms.com/courses/developpez-votre-site-web-avec-le-framework-symfony2/validez-vos-donnees', 2, '2eme Edtition', 'Production de la Chaine de Cotonou a NatitingouProduction de la Chaine de Cotonou a NatitingouProduction de la Chaine de Cotonou a NatitingouProduction de la Chaine de Cotonou a NatitingouProduction de la Chaine de Cotonou a NatitingouProduction de la Chaine de Cotonou a Natitingou', 'Production de la Chaine de Cotonou a NatitingouProduction de la Chaine de Cotonou a NatitingouProduction de la Chaine de Cotonou a NatitingouProduction de la Chaine de Cotonou a NatitingouProduction de la Chaine de Cotonou a NatitingouProduction de la Chaine de Cotonou a Natitingou', 'Ares-CDD', 'Production de la Chaine de Cotonou a Natitingou', 'Production de la Chaine de Cotonou a Natitingou', NULL, 'Production de la Chaine de Cotonou a Natitingou', 2, '2015', 4),
(111, 2, 1, 1, 'Production de la Chaine de Cotonou a Tuncuntouna', NULL, 'Voici le resumé', NULL, '2016-07-10 20:13:16', 'https://openclassrooms.com/courses/developpez-votre-site-web-avec-le-framework-symfony2/validez-vos-donnees', NULL, '2eme Edtition', NULL, 'Voici le resumé', 'Ares-CDD', 'Enseignant, Chercheurs', NULL, NULL, 'J.Tandjiekpon [1], K. Lanha [2], N. Gbenou [1]', 5, '2007', 4),
(112, 2, 1, 1, 'Modele de Sécurité des services web SOAP', 'SOAP Sécurity Model', 'SOAP, Web service', 'SOAP, Web service', '2016-07-10 19:45:23', 'https://openclassrooms.com/courses/developpez-votre-site-web-avec-le-framework-symfony2/validez-vos-donnees', 45, NULL, 'Modele de Sécurité des services web SOAP est un mécanisme de création de web service sécurisé en utilisant le modèle SOAP', 'Modele de Sécurité des services web SOAP est un mécanisme de création de web service sécurisé en utilisant le modèle SOAP', 'Ares-CDD', 'Etudiant, Chercheurs', NULL, 'dc2bc694508f3f709d343292a90840c6.pdf', 'J.Tandjiekpon [1], E. Damiani[2], F. Frati [2]', 4, '2012', 1),
(113, 2, 1, 1, 'Production de la Chaine de Cotonou a Natitingou', 'Natintingou Coton Production', 'wanagash, natitingou', 'wanagash, natitingou', '2016-07-10 20:13:28', 'https://openclassrooms.com/courses/developpez-votre-site-web-avec-le-framework-symfony2/validez-vos-donnees', 0, '2eme Edtition', 'Production de la Chaine de Cotonou a Natitingou est un Production de la Chaine de Cotonou a Natitingou Production de la Chaine de Cotonou a Natitingou Production de la Chaine de Cotonou a Natitingou Production de la Chaine de Cotonou a Natitingou', 'Production de la Chaine de Cotonou a Natitingou est un Production de la Chaine de Cotonou a Natitingou Production de la Chaine de Cotonou a Natitingou Production de la Chaine de Cotonou a Natitingou Production de la Chaine de Cotonou a Natitingou', 'Ares-CDD', 'Chercheurs, Agronomes,', 'Ce projet est personnel', NULL, 'K.Kiki {1], M. Lorenzo [2]', 2, '2016', 3),
(114, 2, 2, 1, 'Production de la Chaine de Cotonou a Natitingou', 'Natintingou Coton Production', 'Production de la Chaine de Cotonou a Natitingou', 'Production de la Chaine de Cotonou a Natitingou', '2016-07-10 20:13:39', 'https://openclassrooms.com/courses/developpez-votre-site-web-avec-le-framework-symfony2/validez-vos-donnees', 2, '2eme Edtition', 'Production de la Chaine de Cotonou a NatitingouProduction de la Chaine de Cotonou a NatitingouProduction de la Chaine de Cotonou a NatitingouProduction de la Chaine de Cotonou a NatitingouProduction de la Chaine de Cotonou a NatitingouProduction de la Chaine de Cotonou a Natitingou', 'Production de la Chaine de Cotonou a NatitingouProduction de la Chaine de Cotonou a NatitingouProduction de la Chaine de Cotonou a NatitingouProduction de la Chaine de Cotonou a NatitingouProduction de la Chaine de Cotonou a NatitingouProduction de la Chaine de Cotonou a Natitingou', 'Ares-CDD', 'Production de la Chaine de Cotonou a Natitingou', 'Production de la Chaine de Cotonou a Natitingou', NULL, 'Production de la Chaine de Cotonou a Natitingou', 2, '2015', 4),
(115, 2, 1, 1, 'Production de la Chaine de Cotonou a Tuncuntouna', NULL, 'Voici le resumé', NULL, '2016-07-10 20:13:16', 'https://openclassrooms.com/courses/developpez-votre-site-web-avec-le-framework-symfony2/validez-vos-donnees', NULL, '2eme Edtition', NULL, 'Voici le resumé', 'Ares-CDD', 'Enseignant, Chercheurs', NULL, NULL, 'J.Tandjiekpon [1], K. Lanha [2], N. Gbenou [1]', 5, '2007', 4),
(116, 2, 1, 1, 'Modele de Sécurité des services web SOAP', 'SOAP Sécurity Model', 'SOAP, Web service', 'SOAP, Web service', '2016-07-10 19:45:23', 'https://openclassrooms.com/courses/developpez-votre-site-web-avec-le-framework-symfony2/validez-vos-donnees', 45, NULL, 'Modele de Sécurité des services web SOAP est un mécanisme de création de web service sécurisé en utilisant le modèle SOAP', 'Modele de Sécurité des services web SOAP est un mécanisme de création de web service sécurisé en utilisant le modèle SOAP', 'Ares-CDD', 'Etudiant, Chercheurs', NULL, 'dc2bc694508f3f709d343292a90840c6.pdf', 'J.Tandjiekpon [1], E. Damiani[2], F. Frati [2]', 4, '2012', 1),
(117, 2, 1, 1, 'Production de la Chaine de Cotonou a Natitingou', 'Natintingou Coton Production', 'wanagash, natitingou', 'wanagash, natitingou', '2016-07-10 20:13:28', 'https://openclassrooms.com/courses/developpez-votre-site-web-avec-le-framework-symfony2/validez-vos-donnees', 0, '2eme Edtition', 'Production de la Chaine de Cotonou a Natitingou est un Production de la Chaine de Cotonou a Natitingou Production de la Chaine de Cotonou a Natitingou Production de la Chaine de Cotonou a Natitingou Production de la Chaine de Cotonou a Natitingou', 'Production de la Chaine de Cotonou a Natitingou est un Production de la Chaine de Cotonou a Natitingou Production de la Chaine de Cotonou a Natitingou Production de la Chaine de Cotonou a Natitingou Production de la Chaine de Cotonou a Natitingou', 'Ares-CDD', 'Chercheurs, Agronomes,', 'Ce projet est personnel', NULL, 'K.Kiki {1], M. Lorenzo [2]', 2, '2016', 3),
(118, 2, 2, 1, 'Production de la Chaine de Cotonou a Natitingou', 'Natintingou Coton Production', 'Production de la Chaine de Cotonou a Natitingou', 'Production de la Chaine de Cotonou a Natitingou', '2016-07-10 20:13:39', 'https://openclassrooms.com/courses/developpez-votre-site-web-avec-le-framework-symfony2/validez-vos-donnees', 2, '2eme Edtition', 'Production de la Chaine de Cotonou a NatitingouProduction de la Chaine de Cotonou a NatitingouProduction de la Chaine de Cotonou a NatitingouProduction de la Chaine de Cotonou a NatitingouProduction de la Chaine de Cotonou a NatitingouProduction de la Chaine de Cotonou a Natitingou', 'Production de la Chaine de Cotonou a NatitingouProduction de la Chaine de Cotonou a NatitingouProduction de la Chaine de Cotonou a NatitingouProduction de la Chaine de Cotonou a NatitingouProduction de la Chaine de Cotonou a NatitingouProduction de la Chaine de Cotonou a Natitingou', 'Ares-CDD', 'Production de la Chaine de Cotonou a Natitingou', 'Production de la Chaine de Cotonou a Natitingou', NULL, 'Production de la Chaine de Cotonou a Natitingou', 2, '2015', 4),
(119, 2, 1, 1, 'Production de la Chaine de Cotonou a Tuncuntouna', NULL, 'Voici le resumé', NULL, '2016-07-10 20:13:16', 'https://openclassrooms.com/courses/developpez-votre-site-web-avec-le-framework-symfony2/validez-vos-donnees', NULL, '2eme Edtition', NULL, 'Voici le resumé', 'Ares-CDD', 'Enseignant, Chercheurs', NULL, NULL, 'J.Tandjiekpon [1], K. Lanha [2], N. Gbenou [1]', 5, '2007', 4),
(120, 2, 1, 1, 'Modele de Sécurité des services web SOAP', 'SOAP Sécurity Model', 'SOAP, Web service', 'SOAP, Web service', '2016-07-10 19:45:23', 'https://openclassrooms.com/courses/developpez-votre-site-web-avec-le-framework-symfony2/validez-vos-donnees', 45, NULL, 'Modele de Sécurité des services web SOAP est un mécanisme de création de web service sécurisé en utilisant le modèle SOAP', 'Modele de Sécurité des services web SOAP est un mécanisme de création de web service sécurisé en utilisant le modèle SOAP', 'Ares-CDD', 'Etudiant, Chercheurs', NULL, 'dc2bc694508f3f709d343292a90840c6.pdf', 'J.Tandjiekpon [1], E. Damiani[2], F. Frati [2]', 4, '2012', 1),
(121, 2, 1, 1, 'Production de la Chaine de Cotonou a Natitingou', 'Natintingou Coton Production', 'wanagash, natitingou', 'wanagash, natitingou', '2016-07-10 20:13:28', 'https://openclassrooms.com/courses/developpez-votre-site-web-avec-le-framework-symfony2/validez-vos-donnees', 0, '2eme Edtition', 'Production de la Chaine de Cotonou a Natitingou est un Production de la Chaine de Cotonou a Natitingou Production de la Chaine de Cotonou a Natitingou Production de la Chaine de Cotonou a Natitingou Production de la Chaine de Cotonou a Natitingou', 'Production de la Chaine de Cotonou a Natitingou est un Production de la Chaine de Cotonou a Natitingou Production de la Chaine de Cotonou a Natitingou Production de la Chaine de Cotonou a Natitingou Production de la Chaine de Cotonou a Natitingou', 'Ares-CDD', 'Chercheurs, Agronomes,', 'Ce projet est personnel', NULL, 'K.Kiki {1], M. Lorenzo [2]', 2, '2016', 3),
(122, 2, 2, 1, 'Production de la Chaine de Cotonou a Natitingou', 'Natintingou Coton Production', 'Production de la Chaine de Cotonou a Natitingou', 'Production de la Chaine de Cotonou a Natitingou', '2016-07-10 20:13:39', 'https://openclassrooms.com/courses/developpez-votre-site-web-avec-le-framework-symfony2/validez-vos-donnees', 2, '2eme Edtition', 'Production de la Chaine de Cotonou a NatitingouProduction de la Chaine de Cotonou a NatitingouProduction de la Chaine de Cotonou a NatitingouProduction de la Chaine de Cotonou a NatitingouProduction de la Chaine de Cotonou a NatitingouProduction de la Chaine de Cotonou a Natitingou', 'Production de la Chaine de Cotonou a NatitingouProduction de la Chaine de Cotonou a NatitingouProduction de la Chaine de Cotonou a NatitingouProduction de la Chaine de Cotonou a NatitingouProduction de la Chaine de Cotonou a NatitingouProduction de la Chaine de Cotonou a Natitingou', 'Ares-CDD', 'Production de la Chaine de Cotonou a Natitingou', 'Production de la Chaine de Cotonou a Natitingou', NULL, 'Production de la Chaine de Cotonou a Natitingou', 2, '2015', 4),
(123, 2, 1, 1, 'Production de la Chaine de Cotonou a Tuncuntouna', NULL, 'Voici le resumé', NULL, '2016-07-10 20:13:16', 'https://openclassrooms.com/courses/developpez-votre-site-web-avec-le-framework-symfony2/validez-vos-donnees', NULL, '2eme Edtition', NULL, 'Voici le resumé', 'Ares-CDD', 'Enseignant, Chercheurs', NULL, NULL, 'J.Tandjiekpon [1], K. Lanha [2], N. Gbenou [1]', 5, '2007', 4),
(124, 2, 1, 1, 'Modele de Sécurité des services web SOAP', 'SOAP Sécurity Model', 'SOAP, Web service', 'SOAP, Web service', '2016-07-10 19:45:23', 'https://openclassrooms.com/courses/developpez-votre-site-web-avec-le-framework-symfony2/validez-vos-donnees', 45, NULL, 'Modele de Sécurité des services web SOAP est un mécanisme de création de web service sécurisé en utilisant le modèle SOAP', 'Modele de Sécurité des services web SOAP est un mécanisme de création de web service sécurisé en utilisant le modèle SOAP', 'Ares-CDD', 'Etudiant, Chercheurs', NULL, 'dc2bc694508f3f709d343292a90840c6.pdf', 'J.Tandjiekpon [1], E. Damiani[2], F. Frati [2]', 4, '2012', 1),
(125, 2, 1, 1, 'Production de la Chaine de Cotonou a Natitingou', 'Natintingou Coton Production', 'wanagash, natitingou', 'wanagash, natitingou', '2016-07-10 20:13:28', 'https://openclassrooms.com/courses/developpez-votre-site-web-avec-le-framework-symfony2/validez-vos-donnees', 0, '2eme Edtition', 'Production de la Chaine de Cotonou a Natitingou est un Production de la Chaine de Cotonou a Natitingou Production de la Chaine de Cotonou a Natitingou Production de la Chaine de Cotonou a Natitingou Production de la Chaine de Cotonou a Natitingou', 'Production de la Chaine de Cotonou a Natitingou est un Production de la Chaine de Cotonou a Natitingou Production de la Chaine de Cotonou a Natitingou Production de la Chaine de Cotonou a Natitingou Production de la Chaine de Cotonou a Natitingou', 'Ares-CDD', 'Chercheurs, Agronomes,', 'Ce projet est personnel', NULL, 'K.Kiki {1], M. Lorenzo [2]', 2, '2016', 3),
(126, 2, 2, 1, 'Production de la Chaine de Cotonou a Natitingou', 'Natintingou Coton Production', 'Production de la Chaine de Cotonou a Natitingou', 'Production de la Chaine de Cotonou a Natitingou', '2016-07-10 20:13:39', 'https://openclassrooms.com/courses/developpez-votre-site-web-avec-le-framework-symfony2/validez-vos-donnees', 2, '2eme Edtition', 'Production de la Chaine de Cotonou a NatitingouProduction de la Chaine de Cotonou a NatitingouProduction de la Chaine de Cotonou a NatitingouProduction de la Chaine de Cotonou a NatitingouProduction de la Chaine de Cotonou a NatitingouProduction de la Chaine de Cotonou a Natitingou', 'Production de la Chaine de Cotonou a NatitingouProduction de la Chaine de Cotonou a NatitingouProduction de la Chaine de Cotonou a NatitingouProduction de la Chaine de Cotonou a NatitingouProduction de la Chaine de Cotonou a NatitingouProduction de la Chaine de Cotonou a Natitingou', 'Ares-CDD', 'Production de la Chaine de Cotonou a Natitingou', 'Production de la Chaine de Cotonou a Natitingou', NULL, 'Production de la Chaine de Cotonou a Natitingou', 2, '2015', 4),
(127, 2, 1, 1, 'Production de la Chaine de Cotonou a Tuncuntouna', NULL, 'Voici le resumé', NULL, '2016-07-10 20:13:16', 'https://openclassrooms.com/courses/developpez-votre-site-web-avec-le-framework-symfony2/validez-vos-donnees', NULL, '2eme Edtition', NULL, 'Voici le resumé', 'Ares-CDD', 'Enseignant, Chercheurs', NULL, NULL, 'J.Tandjiekpon [1], K. Lanha [2], N. Gbenou [1]', 5, '2007', 4),
(128, 2, 1, 1, 'Modele de Sécurité des services web SOAP', 'SOAP Sécurity Model', 'SOAP, Web service', 'SOAP, Web service', '2016-07-10 19:45:23', 'https://openclassrooms.com/courses/developpez-votre-site-web-avec-le-framework-symfony2/validez-vos-donnees', 45, NULL, 'Modele de Sécurité des services web SOAP est un mécanisme de création de web service sécurisé en utilisant le modèle SOAP', 'Modele de Sécurité des services web SOAP est un mécanisme de création de web service sécurisé en utilisant le modèle SOAP', 'Ares-CDD', 'Etudiant, Chercheurs', NULL, 'dc2bc694508f3f709d343292a90840c6.pdf', 'J.Tandjiekpon [1], E. Damiani[2], F. Frati [2]', 4, '2012', 1);
INSERT INTO `publication` (`id`, `type_id`, `revue_id`, `user_id`, `titreFr`, `titreEn`, `motCle`, `keyWords`, `date`, `lienInternet`, `nombreDePage`, `editionRevue`, `abstract`, `resume`, `financement`, `cibles`, `commentaire`, `fichier`, `auteur`, `discipline_id`, `annee`, `entite_id`) VALUES
(129, 2, 1, 1, 'Production de la Chaine de Cotonou a Natitingou', 'Natintingou Coton Production', 'wanagash, natitingou', 'wanagash, natitingou', '2016-07-10 20:13:28', 'https://openclassrooms.com/courses/developpez-votre-site-web-avec-le-framework-symfony2/validez-vos-donnees', 0, '2eme Edtition', 'Production de la Chaine de Cotonou a Natitingou est un Production de la Chaine de Cotonou a Natitingou Production de la Chaine de Cotonou a Natitingou Production de la Chaine de Cotonou a Natitingou Production de la Chaine de Cotonou a Natitingou', 'Production de la Chaine de Cotonou a Natitingou est un Production de la Chaine de Cotonou a Natitingou Production de la Chaine de Cotonou a Natitingou Production de la Chaine de Cotonou a Natitingou Production de la Chaine de Cotonou a Natitingou', 'Ares-CDD', 'Chercheurs, Agronomes,', 'Ce projet est personnel', NULL, 'K.Kiki {1], M. Lorenzo [2]', 2, '2016', 3),
(130, 2, 2, 1, 'Production de la Chaine de Cotonou a Natitingou', 'Natintingou Coton Production', 'Production de la Chaine de Cotonou a Natitingou', 'Production de la Chaine de Cotonou a Natitingou', '2016-07-10 20:13:39', 'https://openclassrooms.com/courses/developpez-votre-site-web-avec-le-framework-symfony2/validez-vos-donnees', 2, '2eme Edtition', 'Production de la Chaine de Cotonou a NatitingouProduction de la Chaine de Cotonou a NatitingouProduction de la Chaine de Cotonou a NatitingouProduction de la Chaine de Cotonou a NatitingouProduction de la Chaine de Cotonou a NatitingouProduction de la Chaine de Cotonou a Natitingou', 'Production de la Chaine de Cotonou a NatitingouProduction de la Chaine de Cotonou a NatitingouProduction de la Chaine de Cotonou a NatitingouProduction de la Chaine de Cotonou a NatitingouProduction de la Chaine de Cotonou a NatitingouProduction de la Chaine de Cotonou a Natitingou', 'Ares-CDD', 'Production de la Chaine de Cotonou a Natitingou', 'Production de la Chaine de Cotonou a Natitingou', NULL, 'Production de la Chaine de Cotonou a Natitingou', 2, '2015', 4),
(131, 2, 1, 1, 'Production de la Chaine de Cotonou a Tuncuntouna', NULL, 'Voici le resumé', NULL, '2016-07-10 20:13:16', 'https://openclassrooms.com/courses/developpez-votre-site-web-avec-le-framework-symfony2/validez-vos-donnees', NULL, '2eme Edtition', NULL, 'Voici le resumé', 'Ares-CDD', 'Enseignant, Chercheurs', NULL, NULL, 'J.Tandjiekpon [1], K. Lanha [2], N. Gbenou [1]', 5, '2007', 4),
(132, 2, 1, 1, 'Modele de Sécurité des services web SOAP', 'SOAP Sécurity Model', 'SOAP, Web service', 'SOAP, Web service', '2016-07-10 19:45:23', 'https://openclassrooms.com/courses/developpez-votre-site-web-avec-le-framework-symfony2/validez-vos-donnees', 45, NULL, 'Modele de Sécurité des services web SOAP est un mécanisme de création de web service sécurisé en utilisant le modèle SOAP', 'Modele de Sécurité des services web SOAP est un mécanisme de création de web service sécurisé en utilisant le modèle SOAP', 'Ares-CDD', 'Etudiant, Chercheurs', NULL, 'dc2bc694508f3f709d343292a90840c6.pdf', 'J.Tandjiekpon [1], E. Damiani[2], F. Frati [2]', 4, '2012', 1),
(133, 2, 1, 1, 'Production de la Chaine de Cotonou a Natitingou', 'Natintingou Coton Production', 'wanagash, natitingou', 'wanagash, natitingou', '2016-07-10 20:13:28', 'https://openclassrooms.com/courses/developpez-votre-site-web-avec-le-framework-symfony2/validez-vos-donnees', 0, '2eme Edtition', 'Production de la Chaine de Cotonou a Natitingou est un Production de la Chaine de Cotonou a Natitingou Production de la Chaine de Cotonou a Natitingou Production de la Chaine de Cotonou a Natitingou Production de la Chaine de Cotonou a Natitingou', 'Production de la Chaine de Cotonou a Natitingou est un Production de la Chaine de Cotonou a Natitingou Production de la Chaine de Cotonou a Natitingou Production de la Chaine de Cotonou a Natitingou Production de la Chaine de Cotonou a Natitingou', 'Ares-CDD', 'Chercheurs, Agronomes,', 'Ce projet est personnel', NULL, 'K.Kiki {1], M. Lorenzo [2]', 2, '2016', 3),
(134, 2, 2, 1, 'Production de la Chaine de Cotonou a Natitingou', 'Natintingou Coton Production', 'Production de la Chaine de Cotonou a Natitingou', 'Production de la Chaine de Cotonou a Natitingou', '2016-07-10 20:13:39', 'https://openclassrooms.com/courses/developpez-votre-site-web-avec-le-framework-symfony2/validez-vos-donnees', 2, '2eme Edtition', 'Production de la Chaine de Cotonou a NatitingouProduction de la Chaine de Cotonou a NatitingouProduction de la Chaine de Cotonou a NatitingouProduction de la Chaine de Cotonou a NatitingouProduction de la Chaine de Cotonou a NatitingouProduction de la Chaine de Cotonou a Natitingou', 'Production de la Chaine de Cotonou a NatitingouProduction de la Chaine de Cotonou a NatitingouProduction de la Chaine de Cotonou a NatitingouProduction de la Chaine de Cotonou a NatitingouProduction de la Chaine de Cotonou a NatitingouProduction de la Chaine de Cotonou a Natitingou', 'Ares-CDD', 'Production de la Chaine de Cotonou a Natitingou', 'Production de la Chaine de Cotonou a Natitingou', NULL, 'Production de la Chaine de Cotonou a Natitingou', 2, '2015', 4),
(135, 2, 1, 1, 'Production de la Chaine de Cotonou a Tuncuntouna', NULL, 'Voici le resumé', NULL, '2016-07-10 20:13:16', 'https://openclassrooms.com/courses/developpez-votre-site-web-avec-le-framework-symfony2/validez-vos-donnees', NULL, '2eme Edtition', NULL, 'Voici le resumé', 'Ares-CDD', 'Enseignant, Chercheurs', NULL, NULL, 'J.Tandjiekpon [1], K. Lanha [2], N. Gbenou [1]', 5, '2007', 4),
(136, 2, 1, 1, 'Modele de Sécurité des services web SOAP', 'SOAP Sécurity Model', 'SOAP, Web service', 'SOAP, Web service', '2016-07-10 19:45:23', 'https://openclassrooms.com/courses/developpez-votre-site-web-avec-le-framework-symfony2/validez-vos-donnees', 45, NULL, 'Modele de Sécurité des services web SOAP est un mécanisme de création de web service sécurisé en utilisant le modèle SOAP', 'Modele de Sécurité des services web SOAP est un mécanisme de création de web service sécurisé en utilisant le modèle SOAP', 'Ares-CDD', 'Etudiant, Chercheurs', NULL, 'dc2bc694508f3f709d343292a90840c6.pdf', 'J.Tandjiekpon [1], E. Damiani[2], F. Frati [2]', 4, '2012', 1),
(137, 2, 1, 1, 'Production de la Chaine de Cotonou a Natitingou', 'Natintingou Coton Production', 'wanagash, natitingou', 'wanagash, natitingou', '2016-07-10 20:13:28', 'https://openclassrooms.com/courses/developpez-votre-site-web-avec-le-framework-symfony2/validez-vos-donnees', 0, '2eme Edtition', 'Production de la Chaine de Cotonou a Natitingou est un Production de la Chaine de Cotonou a Natitingou Production de la Chaine de Cotonou a Natitingou Production de la Chaine de Cotonou a Natitingou Production de la Chaine de Cotonou a Natitingou', 'Production de la Chaine de Cotonou a Natitingou est un Production de la Chaine de Cotonou a Natitingou Production de la Chaine de Cotonou a Natitingou Production de la Chaine de Cotonou a Natitingou Production de la Chaine de Cotonou a Natitingou', 'Ares-CDD', 'Chercheurs, Agronomes,', 'Ce projet est personnel', NULL, 'K.Kiki {1], M. Lorenzo [2]', 2, '2016', 3),
(138, 2, 2, 1, 'Production de la Chaine de Cotonou a Natitingou', 'Natintingou Coton Production', 'Production de la Chaine de Cotonou a Natitingou', 'Production de la Chaine de Cotonou a Natitingou', '2016-07-10 20:13:39', 'https://openclassrooms.com/courses/developpez-votre-site-web-avec-le-framework-symfony2/validez-vos-donnees', 2, '2eme Edtition', 'Production de la Chaine de Cotonou a NatitingouProduction de la Chaine de Cotonou a NatitingouProduction de la Chaine de Cotonou a NatitingouProduction de la Chaine de Cotonou a NatitingouProduction de la Chaine de Cotonou a NatitingouProduction de la Chaine de Cotonou a Natitingou', 'Production de la Chaine de Cotonou a NatitingouProduction de la Chaine de Cotonou a NatitingouProduction de la Chaine de Cotonou a NatitingouProduction de la Chaine de Cotonou a NatitingouProduction de la Chaine de Cotonou a NatitingouProduction de la Chaine de Cotonou a Natitingou', 'Ares-CDD', 'Production de la Chaine de Cotonou a Natitingou', 'Production de la Chaine de Cotonou a Natitingou', NULL, 'Production de la Chaine de Cotonou a Natitingou', 2, '2015', 4),
(139, 2, 1, 1, 'Production de la Chaine de Cotonou a Tuncuntouna', NULL, 'Voici le resumé', NULL, '2016-07-10 20:13:16', 'https://openclassrooms.com/courses/developpez-votre-site-web-avec-le-framework-symfony2/validez-vos-donnees', NULL, '2eme Edtition', NULL, 'Voici le resumé', 'Ares-CDD', 'Enseignant, Chercheurs', NULL, NULL, 'J.Tandjiekpon [1], K. Lanha [2], N. Gbenou [1]', 5, '2007', 4),
(140, 2, 1, 1, 'Modele de Sécurité des services web SOAP', 'SOAP Sécurity Model', 'SOAP, Web service', 'SOAP, Web service', '2016-07-10 19:45:23', 'https://openclassrooms.com/courses/developpez-votre-site-web-avec-le-framework-symfony2/validez-vos-donnees', 45, NULL, 'Modele de Sécurité des services web SOAP est un mécanisme de création de web service sécurisé en utilisant le modèle SOAP', 'Modele de Sécurité des services web SOAP est un mécanisme de création de web service sécurisé en utilisant le modèle SOAP', 'Ares-CDD', 'Etudiant, Chercheurs', NULL, 'dc2bc694508f3f709d343292a90840c6.pdf', 'J.Tandjiekpon [1], E. Damiani[2], F. Frati [2]', 4, '2012', 1),
(141, 2, 1, 1, 'Production de la Chaine de Cotonou a Natitingou', 'Natintingou Coton Production', 'wanagash, natitingou', 'wanagash, natitingou', '2016-07-10 20:13:28', 'https://openclassrooms.com/courses/developpez-votre-site-web-avec-le-framework-symfony2/validez-vos-donnees', 0, '2eme Edtition', 'Production de la Chaine de Cotonou a Natitingou est un Production de la Chaine de Cotonou a Natitingou Production de la Chaine de Cotonou a Natitingou Production de la Chaine de Cotonou a Natitingou Production de la Chaine de Cotonou a Natitingou', 'Production de la Chaine de Cotonou a Natitingou est un Production de la Chaine de Cotonou a Natitingou Production de la Chaine de Cotonou a Natitingou Production de la Chaine de Cotonou a Natitingou Production de la Chaine de Cotonou a Natitingou', 'Ares-CDD', 'Chercheurs, Agronomes,', 'Ce projet est personnel', NULL, 'K.Kiki {1], M. Lorenzo [2]', 2, '2016', 3),
(142, 2, 2, 1, 'Production de la Chaine de Cotonou a Natitingou', 'Natintingou Coton Production', 'Production de la Chaine de Cotonou a Natitingou', 'Production de la Chaine de Cotonou a Natitingou', '2016-07-10 20:13:39', 'https://openclassrooms.com/courses/developpez-votre-site-web-avec-le-framework-symfony2/validez-vos-donnees', 2, '2eme Edtition', 'Production de la Chaine de Cotonou a NatitingouProduction de la Chaine de Cotonou a NatitingouProduction de la Chaine de Cotonou a NatitingouProduction de la Chaine de Cotonou a NatitingouProduction de la Chaine de Cotonou a NatitingouProduction de la Chaine de Cotonou a Natitingou', 'Production de la Chaine de Cotonou a NatitingouProduction de la Chaine de Cotonou a NatitingouProduction de la Chaine de Cotonou a NatitingouProduction de la Chaine de Cotonou a NatitingouProduction de la Chaine de Cotonou a NatitingouProduction de la Chaine de Cotonou a Natitingou', 'Ares-CDD', 'Production de la Chaine de Cotonou a Natitingou', 'Production de la Chaine de Cotonou a Natitingou', NULL, 'Production de la Chaine de Cotonou a Natitingou', 2, '2015', 4),
(143, 2, 1, 1, 'Production de la Chaine de Cotonou a Tuncuntouna', NULL, 'Voici le resumé', NULL, '2016-07-10 20:13:16', 'https://openclassrooms.com/courses/developpez-votre-site-web-avec-le-framework-symfony2/validez-vos-donnees', NULL, '2eme Edtition', NULL, 'Voici le resumé', 'Ares-CDD', 'Enseignant, Chercheurs', NULL, NULL, 'J.Tandjiekpon [1], K. Lanha [2], N. Gbenou [1]', 5, '2007', 4),
(144, 2, 1, 1, 'Modele de Sécurité des services web SOAP', 'SOAP Sécurity Model', 'SOAP, Web service', 'SOAP, Web service', '2016-07-10 19:45:23', 'https://openclassrooms.com/courses/developpez-votre-site-web-avec-le-framework-symfony2/validez-vos-donnees', 45, NULL, 'Modele de Sécurité des services web SOAP est un mécanisme de création de web service sécurisé en utilisant le modèle SOAP', 'Modele de Sécurité des services web SOAP est un mécanisme de création de web service sécurisé en utilisant le modèle SOAP', 'Ares-CDD', 'Etudiant, Chercheurs', NULL, 'dc2bc694508f3f709d343292a90840c6.pdf', 'J.Tandjiekpon [1], E. Damiani[2], F. Frati [2]', 4, '2012', 1),
(145, 2, 1, 1, 'Production de la Chaine de Cotonou a Natitingou', 'Natintingou Coton Production', 'wanagash, natitingou', 'wanagash, natitingou', '2016-07-10 20:13:28', 'https://openclassrooms.com/courses/developpez-votre-site-web-avec-le-framework-symfony2/validez-vos-donnees', 0, '2eme Edtition', 'Production de la Chaine de Cotonou a Natitingou est un Production de la Chaine de Cotonou a Natitingou Production de la Chaine de Cotonou a Natitingou Production de la Chaine de Cotonou a Natitingou Production de la Chaine de Cotonou a Natitingou', 'Production de la Chaine de Cotonou a Natitingou est un Production de la Chaine de Cotonou a Natitingou Production de la Chaine de Cotonou a Natitingou Production de la Chaine de Cotonou a Natitingou Production de la Chaine de Cotonou a Natitingou', 'Ares-CDD', 'Chercheurs, Agronomes,', 'Ce projet est personnel', NULL, 'K.Kiki {1], M. Lorenzo [2]', 2, '2016', 3),
(146, 2, 2, 1, 'Production de la Chaine de Cotonou a Natitingou', 'Natintingou Coton Production', 'Production de la Chaine de Cotonou a Natitingou', 'Production de la Chaine de Cotonou a Natitingou', '2016-07-10 20:13:39', 'https://openclassrooms.com/courses/developpez-votre-site-web-avec-le-framework-symfony2/validez-vos-donnees', 2, '2eme Edtition', 'Production de la Chaine de Cotonou a NatitingouProduction de la Chaine de Cotonou a NatitingouProduction de la Chaine de Cotonou a NatitingouProduction de la Chaine de Cotonou a NatitingouProduction de la Chaine de Cotonou a NatitingouProduction de la Chaine de Cotonou a Natitingou', 'Production de la Chaine de Cotonou a NatitingouProduction de la Chaine de Cotonou a NatitingouProduction de la Chaine de Cotonou a NatitingouProduction de la Chaine de Cotonou a NatitingouProduction de la Chaine de Cotonou a NatitingouProduction de la Chaine de Cotonou a Natitingou', 'Ares-CDD', 'Production de la Chaine de Cotonou a Natitingou', 'Production de la Chaine de Cotonou a Natitingou', NULL, 'Production de la Chaine de Cotonou a Natitingou', 2, '2015', 4),
(147, 2, 1, 1, 'Production de la Chaine de Cotonou a Tuncuntouna', NULL, 'Voici le resumé', NULL, '2016-07-10 20:13:16', 'https://openclassrooms.com/courses/developpez-votre-site-web-avec-le-framework-symfony2/validez-vos-donnees', NULL, '2eme Edtition', NULL, 'Voici le resumé', 'Ares-CDD', 'Enseignant, Chercheurs', NULL, NULL, 'J.Tandjiekpon [1], K. Lanha [2], N. Gbenou [1]', 5, '2007', 4),
(148, 2, 1, 1, 'Modele de Sécurité des services web SOAP', 'SOAP Sécurity Model', 'SOAP, Web service', 'SOAP, Web service', '2016-07-10 19:45:23', 'https://openclassrooms.com/courses/developpez-votre-site-web-avec-le-framework-symfony2/validez-vos-donnees', 45, NULL, 'Modele de Sécurité des services web SOAP est un mécanisme de création de web service sécurisé en utilisant le modèle SOAP', 'Modele de Sécurité des services web SOAP est un mécanisme de création de web service sécurisé en utilisant le modèle SOAP', 'Ares-CDD', 'Etudiant, Chercheurs', NULL, 'dc2bc694508f3f709d343292a90840c6.pdf', 'J.Tandjiekpon [1], E. Damiani[2], F. Frati [2]', 4, '2012', 1),
(149, 2, 1, 1, 'Production de la Chaine de Cotonou a Natitingou', 'Natintingou Coton Production', 'wanagash, natitingou', 'wanagash, natitingou', '2016-07-10 20:13:28', 'https://openclassrooms.com/courses/developpez-votre-site-web-avec-le-framework-symfony2/validez-vos-donnees', 0, '2eme Edtition', 'Production de la Chaine de Cotonou a Natitingou est un Production de la Chaine de Cotonou a Natitingou Production de la Chaine de Cotonou a Natitingou Production de la Chaine de Cotonou a Natitingou Production de la Chaine de Cotonou a Natitingou', 'Production de la Chaine de Cotonou a Natitingou est un Production de la Chaine de Cotonou a Natitingou Production de la Chaine de Cotonou a Natitingou Production de la Chaine de Cotonou a Natitingou Production de la Chaine de Cotonou a Natitingou', 'Ares-CDD', 'Chercheurs, Agronomes,', 'Ce projet est personnel', NULL, 'K.Kiki {1], M. Lorenzo [2]', 2, '2016', 3),
(150, 2, 2, 1, 'Production de la Chaine de Cotonou a Natitingou', 'Natintingou Coton Production', 'Production de la Chaine de Cotonou a Natitingou', 'Production de la Chaine de Cotonou a Natitingou', '2016-07-10 20:13:39', 'https://openclassrooms.com/courses/developpez-votre-site-web-avec-le-framework-symfony2/validez-vos-donnees', 2, '2eme Edtition', 'Production de la Chaine de Cotonou a NatitingouProduction de la Chaine de Cotonou a NatitingouProduction de la Chaine de Cotonou a NatitingouProduction de la Chaine de Cotonou a NatitingouProduction de la Chaine de Cotonou a NatitingouProduction de la Chaine de Cotonou a Natitingou', 'Production de la Chaine de Cotonou a NatitingouProduction de la Chaine de Cotonou a NatitingouProduction de la Chaine de Cotonou a NatitingouProduction de la Chaine de Cotonou a NatitingouProduction de la Chaine de Cotonou a NatitingouProduction de la Chaine de Cotonou a Natitingou', 'Ares-CDD', 'Production de la Chaine de Cotonou a Natitingou', 'Production de la Chaine de Cotonou a Natitingou', NULL, 'Production de la Chaine de Cotonou a Natitingou', 2, '2015', 4),
(151, 2, 1, 1, 'Production de la Chaine de Cotonou a Tuncuntouna', NULL, 'Voici le resumé', NULL, '2016-07-10 20:13:16', 'https://openclassrooms.com/courses/developpez-votre-site-web-avec-le-framework-symfony2/validez-vos-donnees', NULL, '2eme Edtition', NULL, 'Voici le resumé', 'Ares-CDD', 'Enseignant, Chercheurs', NULL, NULL, 'J.Tandjiekpon [1], K. Lanha [2], N. Gbenou [1]', 5, '2007', 4),
(152, 2, 1, 1, 'Modele de Sécurité des services web SOAP', 'SOAP Sécurity Model', 'SOAP, Web service', 'SOAP, Web service', '2016-07-10 19:45:23', 'https://openclassrooms.com/courses/developpez-votre-site-web-avec-le-framework-symfony2/validez-vos-donnees', 45, NULL, 'Modele de Sécurité des services web SOAP est un mécanisme de création de web service sécurisé en utilisant le modèle SOAP', 'Modele de Sécurité des services web SOAP est un mécanisme de création de web service sécurisé en utilisant le modèle SOAP', 'Ares-CDD', 'Etudiant, Chercheurs', NULL, 'dc2bc694508f3f709d343292a90840c6.pdf', 'J.Tandjiekpon [1], E. Damiani[2], F. Frati [2]', 4, '2012', 1),
(153, 2, 1, 1, 'Production de la Chaine de Cotonou a Natitingou', 'Natintingou Coton Production', 'wanagash, natitingou', 'wanagash, natitingou', '2016-07-10 20:13:28', 'https://openclassrooms.com/courses/developpez-votre-site-web-avec-le-framework-symfony2/validez-vos-donnees', 0, '2eme Edtition', 'Production de la Chaine de Cotonou a Natitingou est un Production de la Chaine de Cotonou a Natitingou Production de la Chaine de Cotonou a Natitingou Production de la Chaine de Cotonou a Natitingou Production de la Chaine de Cotonou a Natitingou', 'Production de la Chaine de Cotonou a Natitingou est un Production de la Chaine de Cotonou a Natitingou Production de la Chaine de Cotonou a Natitingou Production de la Chaine de Cotonou a Natitingou Production de la Chaine de Cotonou a Natitingou', 'Ares-CDD', 'Chercheurs, Agronomes,', 'Ce projet est personnel', NULL, 'K.Kiki {1], M. Lorenzo [2]', 2, '2016', 3),
(154, 2, 2, 1, 'Production de la Chaine de Cotonou a Natitingou', 'Natintingou Coton Production', 'Production de la Chaine de Cotonou a Natitingou', 'Production de la Chaine de Cotonou a Natitingou', '2016-07-10 20:13:39', 'https://openclassrooms.com/courses/developpez-votre-site-web-avec-le-framework-symfony2/validez-vos-donnees', 2, '2eme Edtition', 'Production de la Chaine de Cotonou a NatitingouProduction de la Chaine de Cotonou a NatitingouProduction de la Chaine de Cotonou a NatitingouProduction de la Chaine de Cotonou a NatitingouProduction de la Chaine de Cotonou a NatitingouProduction de la Chaine de Cotonou a Natitingou', 'Production de la Chaine de Cotonou a NatitingouProduction de la Chaine de Cotonou a NatitingouProduction de la Chaine de Cotonou a NatitingouProduction de la Chaine de Cotonou a NatitingouProduction de la Chaine de Cotonou a NatitingouProduction de la Chaine de Cotonou a Natitingou', 'Ares-CDD', 'Production de la Chaine de Cotonou a Natitingou', 'Production de la Chaine de Cotonou a Natitingou', NULL, 'Production de la Chaine de Cotonou a Natitingou', 2, '2015', 4),
(155, 2, 1, 1, 'Production de la Chaine de Cotonou a Tuncuntouna', NULL, 'Voici le resumé', NULL, '2016-07-10 20:13:16', 'https://openclassrooms.com/courses/developpez-votre-site-web-avec-le-framework-symfony2/validez-vos-donnees', NULL, '2eme Edtition', NULL, 'Voici le resumé', 'Ares-CDD', 'Enseignant, Chercheurs', NULL, NULL, 'J.Tandjiekpon [1], K. Lanha [2], N. Gbenou [1]', 5, '2007', 4),
(156, 2, 1, 1, 'Modele de Sécurité des services web SOAP', 'SOAP Sécurity Model', 'SOAP, Web service', 'SOAP, Web service', '2016-07-10 19:45:23', 'https://openclassrooms.com/courses/developpez-votre-site-web-avec-le-framework-symfony2/validez-vos-donnees', 45, NULL, 'Modele de Sécurité des services web SOAP est un mécanisme de création de web service sécurisé en utilisant le modèle SOAP', 'Modele de Sécurité des services web SOAP est un mécanisme de création de web service sécurisé en utilisant le modèle SOAP', 'Ares-CDD', 'Etudiant, Chercheurs', NULL, 'dc2bc694508f3f709d343292a90840c6.pdf', 'J.Tandjiekpon [1], E. Damiani[2], F. Frati [2]', 4, '2012', 1),
(157, 2, 1, 1, 'Production de la Chaine de Cotonou a Natitingou', 'Natintingou Coton Production', 'wanagash, natitingou', 'wanagash, natitingou', '2016-07-10 20:13:28', 'https://openclassrooms.com/courses/developpez-votre-site-web-avec-le-framework-symfony2/validez-vos-donnees', 0, '2eme Edtition', 'Production de la Chaine de Cotonou a Natitingou est un Production de la Chaine de Cotonou a Natitingou Production de la Chaine de Cotonou a Natitingou Production de la Chaine de Cotonou a Natitingou Production de la Chaine de Cotonou a Natitingou', 'Production de la Chaine de Cotonou a Natitingou est un Production de la Chaine de Cotonou a Natitingou Production de la Chaine de Cotonou a Natitingou Production de la Chaine de Cotonou a Natitingou Production de la Chaine de Cotonou a Natitingou', 'Ares-CDD', 'Chercheurs, Agronomes,', 'Ce projet est personnel', NULL, 'K.Kiki {1], M. Lorenzo [2]', 2, '2016', 3),
(158, 2, 2, 1, 'Production de la Chaine de Cotonou a Natitingou', 'Natintingou Coton Production', 'Production de la Chaine de Cotonou a Natitingou', 'Production de la Chaine de Cotonou a Natitingou', '2016-07-10 20:13:39', 'https://openclassrooms.com/courses/developpez-votre-site-web-avec-le-framework-symfony2/validez-vos-donnees', 2, '2eme Edtition', 'Production de la Chaine de Cotonou a NatitingouProduction de la Chaine de Cotonou a NatitingouProduction de la Chaine de Cotonou a NatitingouProduction de la Chaine de Cotonou a NatitingouProduction de la Chaine de Cotonou a NatitingouProduction de la Chaine de Cotonou a Natitingou', 'Production de la Chaine de Cotonou a NatitingouProduction de la Chaine de Cotonou a NatitingouProduction de la Chaine de Cotonou a NatitingouProduction de la Chaine de Cotonou a NatitingouProduction de la Chaine de Cotonou a NatitingouProduction de la Chaine de Cotonou a Natitingou', 'Ares-CDD', 'Production de la Chaine de Cotonou a Natitingou', 'Production de la Chaine de Cotonou a Natitingou', NULL, 'Production de la Chaine de Cotonou a Natitingou', 2, '2015', 4),
(159, 2, 1, 1, 'Production de la Chaine de Cotonou a Tuncuntouna', NULL, 'Voici le resumé', NULL, '2016-07-10 20:13:16', 'https://openclassrooms.com/courses/developpez-votre-site-web-avec-le-framework-symfony2/validez-vos-donnees', NULL, '2eme Edtition', NULL, 'Voici le resumé', 'Ares-CDD', 'Enseignant, Chercheurs', NULL, NULL, 'J.Tandjiekpon [1], K. Lanha [2], N. Gbenou [1]', 5, '2007', 4),
(160, 2, 1, 1, 'Modele de Sécurité des services web SOAP', 'SOAP Sécurity Model', 'SOAP, Web service', 'SOAP, Web service', '2016-07-10 19:45:23', 'https://openclassrooms.com/courses/developpez-votre-site-web-avec-le-framework-symfony2/validez-vos-donnees', 45, NULL, 'Modele de Sécurité des services web SOAP est un mécanisme de création de web service sécurisé en utilisant le modèle SOAP', 'Modele de Sécurité des services web SOAP est un mécanisme de création de web service sécurisé en utilisant le modèle SOAP', 'Ares-CDD', 'Etudiant, Chercheurs', NULL, 'dc2bc694508f3f709d343292a90840c6.pdf', 'J.Tandjiekpon [1], E. Damiani[2], F. Frati [2]', 4, '2012', 1),
(161, 2, 1, 1, 'Production de la Chaine de Cotonou a Natitingou', 'Natintingou Coton Production', 'wanagash, natitingou', 'wanagash, natitingou', '2016-07-10 20:13:28', 'https://openclassrooms.com/courses/developpez-votre-site-web-avec-le-framework-symfony2/validez-vos-donnees', 0, '2eme Edtition', 'Production de la Chaine de Cotonou a Natitingou est un Production de la Chaine de Cotonou a Natitingou Production de la Chaine de Cotonou a Natitingou Production de la Chaine de Cotonou a Natitingou Production de la Chaine de Cotonou a Natitingou', 'Production de la Chaine de Cotonou a Natitingou est un Production de la Chaine de Cotonou a Natitingou Production de la Chaine de Cotonou a Natitingou Production de la Chaine de Cotonou a Natitingou Production de la Chaine de Cotonou a Natitingou', 'Ares-CDD', 'Chercheurs, Agronomes,', 'Ce projet est personnel', NULL, 'K.Kiki {1], M. Lorenzo [2]', 2, '2016', 3),
(162, 2, 2, 1, 'Production de la Chaine de Cotonou a Natitingou', 'Natintingou Coton Production', 'Production de la Chaine de Cotonou a Natitingou', 'Production de la Chaine de Cotonou a Natitingou', '2016-07-10 20:13:39', 'https://openclassrooms.com/courses/developpez-votre-site-web-avec-le-framework-symfony2/validez-vos-donnees', 2, '2eme Edtition', 'Production de la Chaine de Cotonou a NatitingouProduction de la Chaine de Cotonou a NatitingouProduction de la Chaine de Cotonou a NatitingouProduction de la Chaine de Cotonou a NatitingouProduction de la Chaine de Cotonou a NatitingouProduction de la Chaine de Cotonou a Natitingou', 'Production de la Chaine de Cotonou a NatitingouProduction de la Chaine de Cotonou a NatitingouProduction de la Chaine de Cotonou a NatitingouProduction de la Chaine de Cotonou a NatitingouProduction de la Chaine de Cotonou a NatitingouProduction de la Chaine de Cotonou a Natitingou', 'Ares-CDD', 'Production de la Chaine de Cotonou a Natitingou', 'Production de la Chaine de Cotonou a Natitingou', NULL, 'Production de la Chaine de Cotonou a Natitingou', 2, '2015', 4),
(163, 2, 1, 1, 'Production de la Chaine de Cotonou a Tuncuntouna', NULL, 'Voici le resumé', NULL, '2016-07-10 20:13:16', 'https://openclassrooms.com/courses/developpez-votre-site-web-avec-le-framework-symfony2/validez-vos-donnees', NULL, '2eme Edtition', NULL, 'Voici le resumé', 'Ares-CDD', 'Enseignant, Chercheurs', NULL, NULL, 'J.Tandjiekpon [1], K. Lanha [2], N. Gbenou [1]', 5, '2007', 4),
(164, 2, 1, 1, 'Modele de Sécurité des services web SOAP', 'SOAP Sécurity Model', 'SOAP, Web service', 'SOAP, Web service', '2016-07-10 19:45:23', 'https://openclassrooms.com/courses/developpez-votre-site-web-avec-le-framework-symfony2/validez-vos-donnees', 45, NULL, 'Modele de Sécurité des services web SOAP est un mécanisme de création de web service sécurisé en utilisant le modèle SOAP', 'Modele de Sécurité des services web SOAP est un mécanisme de création de web service sécurisé en utilisant le modèle SOAP', 'Ares-CDD', 'Etudiant, Chercheurs', NULL, 'dc2bc694508f3f709d343292a90840c6.pdf', 'J.Tandjiekpon [1], E. Damiani[2], F. Frati [2]', 4, '2012', 1);

-- --------------------------------------------------------

--
-- Table structure for table `revue`
--

CREATE TABLE IF NOT EXISTS `revue` (
`id` int(11) NOT NULL,
  `designation` varchar(255) COLLATE utf8_unicode_ci NOT NULL,
  `cote` varchar(255) COLLATE utf8_unicode_ci NOT NULL
) ENGINE=InnoDB AUTO_INCREMENT=10 DEFAULT CHARSET=utf8 COLLATE=utf8_unicode_ci;

--
-- Dumping data for table `revue`
--

INSERT INTO `revue` (`id`, `designation`, `cote`) VALUES
(1, 'Revue 1', 'Forte'),
(2, 'Revue 2', 'Moyenne'),
(3, 'Revue 3', 'Forte'),
(7, 'Revue 10', 'Moyenne'),
(8, 'Revue 11', 'Forte'),
(9, 'v', 'Forte');

-- --------------------------------------------------------

--
-- Table structure for table `type`
--

CREATE TABLE IF NOT EXISTS `type` (
`id` int(11) NOT NULL,
  `parent_id` int(11) DEFAULT NULL,
  `designation` varchar(255) COLLATE utf8_unicode_ci NOT NULL
) ENGINE=InnoDB AUTO_INCREMENT=6 DEFAULT CHARSET=utf8 COLLATE=utf8_unicode_ci;

--
-- Dumping data for table `type`
--

INSERT INTO `type` (`id`, `parent_id`, `designation`) VALUES
(1, NULL, 'Type 1'),
(2, 1, 'Type 1.1'),
(3, 1, 'Type 1.2'),
(4, 1, 'Type 1.3'),
(5, NULL, 'Type 2');

--
-- Indexes for dumped tables
--

--
-- Indexes for table `discipline`
--
ALTER TABLE `discipline`
 ADD PRIMARY KEY (`id`), ADD KEY `IDX_75BEEE3F727ACA70` (`parent_id`);

--
-- Indexes for table `entite`
--
ALTER TABLE `entite`
 ADD PRIMARY KEY (`id`), ADD KEY `IDX_1A291827727ACA70` (`parent_id`);

--
-- Indexes for table `fos_user`
--
ALTER TABLE `fos_user`
 ADD PRIMARY KEY (`id`), ADD UNIQUE KEY `UNIQ_957A647992FC23A8` (`username_canonical`), ADD UNIQUE KEY `UNIQ_957A6479A0D96FBF` (`email_canonical`), ADD KEY `IDX_957A64799BEA957A` (`entite_id`);

--
-- Indexes for table `publication`
--
ALTER TABLE `publication`
 ADD PRIMARY KEY (`id`), ADD KEY `IDX_AF3C6779C54C8C93` (`type_id`), ADD KEY `IDX_AF3C67792B68B0B6` (`revue_id`), ADD KEY `IDX_AF3C6779A76ED395` (`user_id`), ADD KEY `IDX_AF3C6779A5522701` (`discipline_id`), ADD KEY `IDX_AF3C67799BEA957A` (`entite_id`);

--
-- Indexes for table `revue`
--
ALTER TABLE `revue`
 ADD PRIMARY KEY (`id`);

--
-- Indexes for table `type`
--
ALTER TABLE `type`
 ADD PRIMARY KEY (`id`), ADD KEY `IDX_8CDE5729727ACA70` (`parent_id`);

--
-- AUTO_INCREMENT for dumped tables
--

--
-- AUTO_INCREMENT for table `discipline`
--
ALTER TABLE `discipline`
MODIFY `id` int(11) NOT NULL AUTO_INCREMENT,AUTO_INCREMENT=6;
--
-- AUTO_INCREMENT for table `entite`
--
ALTER TABLE `entite`
MODIFY `id` int(11) NOT NULL AUTO_INCREMENT,AUTO_INCREMENT=5;
--
-- AUTO_INCREMENT for table `fos_user`
--
ALTER TABLE `fos_user`
MODIFY `id` int(11) NOT NULL AUTO_INCREMENT,AUTO_INCREMENT=2;
--
-- AUTO_INCREMENT for table `publication`
--
ALTER TABLE `publication`
MODIFY `id` int(11) NOT NULL AUTO_INCREMENT,AUTO_INCREMENT=165;
--
-- AUTO_INCREMENT for table `revue`
--
ALTER TABLE `revue`
MODIFY `id` int(11) NOT NULL AUTO_INCREMENT,AUTO_INCREMENT=10;
--
-- AUTO_INCREMENT for table `type`
--
ALTER TABLE `type`
MODIFY `id` int(11) NOT NULL AUTO_INCREMENT,AUTO_INCREMENT=6;
--
-- Constraints for dumped tables
--

--
-- Constraints for table `discipline`
--
ALTER TABLE `discipline`
ADD CONSTRAINT `FK_75BEEE3F727ACA70` FOREIGN KEY (`parent_id`) REFERENCES `discipline` (`id`);

--
-- Constraints for table `entite`
--
ALTER TABLE `entite`
ADD CONSTRAINT `FK_1A291827727ACA70` FOREIGN KEY (`parent_id`) REFERENCES `entite` (`id`);

--
-- Constraints for table `fos_user`
--
ALTER TABLE `fos_user`
ADD CONSTRAINT `FK_957A64799BEA957A` FOREIGN KEY (`entite_id`) REFERENCES `entite` (`id`);

--
-- Constraints for table `publication`
--
ALTER TABLE `publication`
ADD CONSTRAINT `FK_AF3C67792B68B0B6` FOREIGN KEY (`revue_id`) REFERENCES `revue` (`id`),
ADD CONSTRAINT `FK_AF3C67799BEA957A` FOREIGN KEY (`entite_id`) REFERENCES `entite` (`id`),
ADD CONSTRAINT `FK_AF3C6779A5522701` FOREIGN KEY (`discipline_id`) REFERENCES `discipline` (`id`),
ADD CONSTRAINT `FK_AF3C6779A76ED395` FOREIGN KEY (`user_id`) REFERENCES `fos_user` (`id`),
ADD CONSTRAINT `FK_AF3C6779C54C8C93` FOREIGN KEY (`type_id`) REFERENCES `type` (`id`);

--
-- Constraints for table `type`
--
ALTER TABLE `type`
ADD CONSTRAINT `FK_8CDE5729727ACA70` FOREIGN KEY (`parent_id`) REFERENCES `type` (`id`);

/*!40101 SET CHARACTER_SET_CLIENT=@OLD_CHARACTER_SET_CLIENT */;
/*!40101 SET CHARACTER_SET_RESULTS=@OLD_CHARACTER_SET_RESULTS */;
/*!40101 SET COLLATION_CONNECTION=@OLD_COLLATION_CONNECTION */;
